session_date,close,volume,prior_close,daily_return
2025-02-20,605.0784,36554000,,
2025-02-21,594.7291,76519816,605.0784,-0.01710406453114166
2025-02-24,592.0228,50737212,594.7291,-0.00455047516592022
2025-02-25,589.0786,58266472,592.0228,-0.004973119278514071
2025-02-26,589.376,43321576,589.0786,0.0005048562280143276
2025-02-27,579.9684,74196664,589.376,-0.015961966554457585
2025-02-28,589.0191,88744104,579.9684,0.01560550540339789
2025-03-03,578.6995,74249200,589.0191,-0.017519975158700296
2025-03-04,571.8495,109648208,578.6995,-0.011836885983139589
2025-03-05,577.9957,71230528,571.8495,0.010747932803998328
2025-03-06,567.7356,80094864,577.9957,-0.017751170121161897
2025-03-07,570.9177,81158816,567.7356,0.005604897772836459
2025-03-10,555.7109,99326624,570.9177,-0.02663571299330869
2025-03-11,551.0914,88102112,555.7109,-0.008312775581691856
2025-03-12,554.0158,69588168,551.0914,0.005306560762878831
2025-03-13,546.6305,74079416,554.0158,-0.013330486242450146
2025-03-14,557.9216,62660320,546.6305,0.020655817778188368
2025-03-17,562.2239,49008708,557.9216,0.007711298505022723
2025-03-18,556.1471,66041424,562.2239,-0.010808505294776616
2025-03-19,562.204,66555984,556.1471,0.010890823668773919
2025-03-20,560.5783,62958196,562.204,-0.0028916549864460572
2025-03-21,560.7626,83762960,560.5783,0.0003287676315690824
2025-03-24,570.8049,58766796,560.7626,0.017908291316146796
2025-03-25,572.1771,38355736,570.8049,0.002403973757057809
2025-03-26,565.3463,52228896,572.1771,-0.011938261772447611
2025-03-27,563.8449,42164248,565.3463,-0.002655717389500878
2025-03-28,552.4901,71662656,563.8449,-0.02013816210805497
2025-03-31,556.1988,95328216,552.4901,0.006712699467375183
2025-04-01,557.7698,54609640,556.1988,0.002824529646594076
2025-04-02,561.2995,76014544,557.7698,0.006328237921809254
2025-04-03,533.6382,125986000,561.2995,-0.049280820667041314
2025-04-04,502.3975,217965136,533.6382,-0.058542847944543674
2025-04-07,501.5026,256611360,502.3975,-0.0017812588637483584
2025-04-08,493.6476,165816576,501.5026,-0.01566292976347472
2025-04-09,545.4902,241867312,493.6476,0.10501945112262256
2025-04-10,521.5873,162331232,545.4902,-0.04381911902358637
2025-04-11,530.894,97866336,521.5873,0.017843034138292913
2025-04-14,536.0444,68033992,530.894,0.00970137164857765
2025-04-15,534.543,56892872,536.0444,-0.002800887389178941
2025-04-16,522.6612,83484816,534.543,-0.022227959210016746
2025-04-17,523.4069,79868080,522.6612,0.001426736861278366
2025-04-21,510.9484,69368128,523.4069,-0.023802704931860763
2025-04-22,524.2421,75948120,510.9484,0.026017695720350842
2025-04-23,532.3655,90590656,524.2421,0.015495512474102968
2025-04-24,543.5712,64150416,532.3655,0.021048884647859367
2025-04-25,547.4987,61119592,543.5712,0.0072253644048838606
2025-04-28,547.7075,47613756,547.4987,0.00038137076855160323
2025-04-29,551.1577,47775120,547.7075,0.006299347735789551
2025-04-30,551.3764,93101464,551.1577,0.00039680113332352107
2025-05-01,555.284,63186144,551.3764,0.007086991753727512
2025-05-02,563.5267,60717272,555.284,0.014844115803804847
2025-05-05,560.2953,38659224,563.5267,-0.005734244712806036
2025-05-06,555.6121,48264708,560.2953,-0.008358449553297898
2025-05-07,557.9487,55733228,555.6121,0.004205451969098606
2025-05-08,561.8364,65130788,557.9487,0.006967844893267072
2025-05-09,561.1205,37603428,561.8364,-0.0012742143442469045
2025-05-12,579.6641,78993568,561.1205,0.03304744702786655
2025-05-13,583.4922,67947224,579.6641,0.0066039970389748515
2025-05-14,584.2379,66283532,583.4922,0.0012779948043863953
2025-05-15,587.0915,71268144,584.2379,0.004884311681936371
2025-05-16,590.8102,76052104,587.0915,0.00633410635309839
2025-05-19,591.4565,68168512,590.8102,0.001093921533514397
2025-05-20,589.4679,60614492,591.4565,-0.0033622083788072965
2025-05-21,579.5349,95197656,589.4679,-0.01685079034838033
2025-05-22,579.7635,70860416,579.5349,0.0003944542425313724
2025-05-23,575.8063,76029048,579.7635,-0.006825541794197254
2025-05-27,587.7776,72588472,575.8063,0.02079049847144776
2025-05-28,584.3771,68445512,587.7776,-0.0057853514662687955
2025-05-29,586.6838,70073760,584.3771,0.003947279932769332
2025-05-30,586.0276,90601240,586.6838,-0.0011184900622789318
2025-06-02,589.3287,61630504,586.0276,0.005633011141454869
2025-06-03,592.6894,63606204,589.3287,0.005702590082580228
2025-06-04,592.5303,57314200,592.6894,-0.00026843739739557115
2025-06-05,589.6667,92436400,592.5303,-0.0048328330213661674
2025-06-06,595.722,66588744,589.6667,0.010269021465855177
2025-06-09,596.2589,53016416,595.722,0.0009012593122297297
2025-06-10,599.6395,66246972,596.2589,0.005669684762776628
2025-06-11,597.9293,73658224,599.6395,-0.0028520469382020686
2025-06-12,600.3057,64129004,597.9293,0.003974382924536446
2025-06-13,593.5942,89506000,600.3057,-0.011180137053504624
2025-06-16,599.2418,79984128,593.5942,0.009514243906022068
2025-06-17,594.1212,82209368,599.2418,-0.008545131531211503
2025-06-18,594.0317,76605032,594.1212,-0.0001506426634835245
2025-06-20,592.6368,94051376,594.0317,-0.002348191182389825
2025-06-23,598.4906,87426040,592.6368,0.00987755063472262
2025-06-24,605.1022,67735296,598.4906,0.011047124215484816
2025-06-25,605.4413,62114768,605.1022,0.0005604012016480198
2025-06-26,610.1782,78548360,605.4413,0.007823879870765271
2025-06-27,613.2098,86258400,610.1782,0.0049683846456658465
2025-06-30,616.1417,92502544,613.2098,0.004781234742171403
2025-07-01,615.9422,70030144,616.1417,-0.0003237891543456106
2025-07-02,618.7344,66510376,615.9422,0.004533217564895109
2025-07-03,623.611,51065788,618.7344,0.007881572448533491
2025-07-07,618.9638,74814504,623.611,-0.00745208150593879
2025-07-08,618.6248,59024584,618.9638,-0.0005476895417791949
2025-07-09,622.3345,66113328,618.6248,0.0059966881379471815
2025-07-10,624.0896,57528960,622.3345,0.0028201875358027095
2025-07-11,621.8957,63670224,624.0896,-0.0035153606148859984
2025-07-14,623.0824,51898520,621.8957,0.0019081977894364055
2025-07-15,620.4198,74317264,623.0824,-0.0042732710793949025
2025-07-16,622.494,88987512,620.4198,0.003343220187363549
2025-07-17,626.3035,68885680,622.494,0.006119737700283068
2025-07-18,625.8447,65621644,626.3035,-0.0007325521891542452
2025-07-21,627.0314,63374984,625.8447,0.0018961573054785408
2025-07-22,627.1212,60046288,627.0314,0.0001432145184436795
2025-07-23,632.4564,70511040,627.1212,0.008507446407488573
2025-07-24,632.6658,71307136,632.4564,0.000331090016639779
2025-07-25,635.3384,56865364,632.6658,0.004224347198789502
2025-07-28,635.1788,54917104,635.3384,-0.0002512047123233163
2025-07-29,633.5035,60556280,635.1788,-0.002637525055936951
2025-07-30,632.7057,80418848,633.5035,-0.0012593458441825245
2025-07-31,630.3323,103385248,632.7057,-0.0037511911146049792
2025-08-01,620.0009,140103568,630.3323,-0.016390402332230214
2025-08-04,629.4248,73218016,620.0009,0.015199816645427466
2025-08-05,626.2336,68051400,629.4248,-0.005070025839464809
2025-08-06,631.0303,64357524,626.2336,0.007659601784381964
2025-08-07,630.5018,74205792,631.0303,-0.0008375192126273134
2025-08-08,635.4182,64051624,630.5018,0.00779759867457952
2025-08-11,634.1617,58742300,635.4182,-0.0019774378511663304
2025-08-12,640.913,64821800,634.1617,0.01064602293074457
2025-08-13,643.1069,60092792,640.913,0.0034230855045849218
2025-08-14,643.1667,59327464,643.1069,9.298609609076358e-05
2025-08-15,641.6609,68592504,643.1667,-0.0023412281761477916
2025-08-18,641.5213,43804912,641.6609,-0.00021756039677656158
2025-08-19,638.041,69750728,641.5213,-0.005425073181513862
2025-08-20,636.3456,88890296,638.041,-0.002657196010914742
2025-08-21,633.7927,54805776,636.3456,-0.004011813706262801
2025-08-22,643.5257,84083216,633.7927,0.015356756239066849
2025-08-25,640.6935,51274332,643.5257,-0.0044010674321166565
2025-08-26,643.3762,51581564,640.6935,0.004187181546246421
2025-08-27,644.842,48341068,643.3762,0.002278293788299912
2025-08-28,647.1257,61519460,644.842,0.003541487682254152
2025-08-29,643.2664,74522192,647.1257,-0.00596375634594648
2025-09-02,638.4996,81983544,643.2664,-0.007410304657603728
2025-09-03,641.9601,70820896,638.4996,0.005419737146272308
2025-09-04,647.3252,65219228,641.9601,0.00835737298938044
2025-09-05,645.4504,85178936,647.3252,-0.0028962258846095823
2025-09-08,647.036,63133104,645.4504,0.0024565791577477736
2025-09-09,648.5319,66133856,647.036,0.0023119270025160343
2025-09-10,650.4066,78034528,648.5319,0.002890682786768295
2025-09-11,655.8116,69934360,650.4066,0.0083101862742474
2025-09-12,655.5923,72780136,655.8116,-0.00033439481704800045
2025-09-15,659.0826,63772412,655.5923,0.00532388803224193
2025-09-16,658.1751,61168952,659.0826,-0.0013769139103352313
2025-09-17,657.3574,101952240,658.1751,-0.0012423745595967484
2025-09-18,660.4288,90459240,657.3574,0.004672344146426255
2025-09-19,663.7,97945616,660.4288,0.004953145592681674
2025-09-22,666.84,69452200,663.7,0.004731053186680656
2025-09-23,663.21,81708872,666.84,-0.005443584667986334
2025-09-24,661.1,68082232,663.21,-0.003181496057055866
2025-09-25,658.05,89622064,661.1,-0.004613522916351642
2025-09-26,661.82,69179208,658.05,0.005729047944685206
2025-09-29,663.68,73499016,661.82,0.0028104318394728267
2025-09-30,666.18,86288032,663.68,0.0037668756027000594
2025-10-01,668.45,72545368,666.18,0.0034074874658502896
2025-10-02,669.22,56895992,668.45,0.0011519186176975893
2025-10-03,669.21,70494352,669.22,-1.4942769194004057e-05
2025-10-06,671.61,54623260,669.21,0.0035863181960820167
2025-10-07,669.12,72020064,671.61,-0.00370750882208426
2025-10-08,673.11,60702240,669.12,0.005963055954088858
2025-10-09,671.16,66501940,673.11,-0.0028970004902616475
2025-10-10,653.02,159422592,671.16,-0.027027832409559527
2025-10-13,663.04,79560520,653.02,0.01534409359590816
2025-10-14,662.23,88779560,663.04,-0.0012216457528956282
2025-10-15,665.17,81702552,662.23,0.0044395451731271685
2025-10-16,660.64,110563344,665.17,-0.006810289099027256
2025-10-17,664.39,96500872,660.64,0.005676313877452266
2025-10-20,671.3,60493352,664.39,0.010400517768178297
2025-10-21,671.29,56249032,671.3,-1.4896469536673784e-05
2025-10-22,667.8,80564008,671.29,-0.005198945314245695
2025-10-23,671.76,65604460,667.8,0.005929919137466433
2025-10-24,677.25,74356528,671.76,0.008172561629153252
2025-10-27,685.24,63339792,677.25,0.011797711332595107
2025-10-28,687.06,61738072,685.24,0.002656003735917345
2025-10-29,687.39,85362208,687.06,0.0004803073967338811
2025-10-30,679.83,76335752,687.39,-0.010998123336097287
2025-10-31,682.06,87164120,679.83,0.0032802318226614613
2025-11-03,683.34,57315024,682.06,0.0018766677418409206
2025-11-04,675.24,78426968,683.34,-0.01185354289226448
2025-11-05,677.58,74402376,675.24,0.0034654345121734043
2025-11-06,670.31,85035296,677.58,-0.010729360370731245
2025-11-07,670.97,100592440,670.31,0.000984619056854319
2025-11-10,681.44,75842888,670.97,0.015604274408691943
2025-11-11,683.0,58953384,681.44,0.002289269781638792
2025-11-12,683.38,62312484,683.0,0.0005563689604686228
2025-11-13,672.04,103457792,683.38,-0.016593988703210605
2025-11-14,671.93,96846672,672.04,-0.0001636807332896506
2025-11-17,665.67,90456104,671.93,-0.009316446653669264
2025-11-18,660.08,114467488,665.67,-0.008397554343743785
2025-11-19,662.63,94702952,660.08,0.0038631681008360896
2025-11-20,652.53,165293520,662.63,-0.015242292078535558
2025-11-21,659.03,123956200,652.53,0.00996122783626796
2025-11-24,668.73,80437936,659.03,0.014718601581111601
2025-11-25,675.02,81077088,668.73,0.009405888774243643
2025-11-26,679.68,71879600,675.02,0.006903499155580528
2025-11-28,683.39,49212032,679.68,0.005458451035781575
2025-12-01,680.27,61135952,683.39,-0.0045654750581659576
