session_date,in_eval_core,reason_if_excluded,is_half_day
2025-03-13,False,warm-up: need 14 prior intraday sessions for bands,False
2025-03-14,False,warm-up: need 14 prior intraday sessions for bands,False
2025-03-17,False,warm-up: need 14 prior intraday sessions for bands,False
2025-03-18,False,warm-up: need 14 prior intraday sessions for bands,False
2025-03-19,False,warm-up: need 14 prior intraday sessions for bands,False
2025-03-20,False,warm-up: need 14 prior intraday sessions for bands,False
2025-03-21,False,warm-up: need 14 prior intraday sessions for bands,False
2025-03-24,False,warm-up: need 14 prior intraday sessions for bands,False
2025-03-25,False,warm-up: need 14 prior intraday sessions for bands,False
2025-03-26,False,warm-up: need 14 prior intraday sessions for bands,False
2025-03-27,False,warm-up: need 14 prior intraday sessions for bands,False
2025-03-28,False,warm-up: need 14 prior intraday sessions for bands,False
2025-03-31,False,warm-up: need 14 prior intraday sessions for bands,False
2025-04-01,False,warm-up: need 14 prior intraday sessions for bands,False
2025-04-02,True,,False
2025-04-03,True,,False
2025-04-04,True,,False
2025-04-07,True,,False
2025-04-08,True,,False
2025-04-09,True,,False
2025-04-10,True,,False
2025-04-11,True,,False
2025-04-14,True,,False
2025-04-15,True,,False
2025-04-16,True,,False
2025-04-17,True,,False
2025-04-21,True,,False
2025-04-22,True,,False
2025-04-23,True,,False
2025-04-24,True,,False
2025-04-25,True,,False
2025-04-28,True,,False
2025-04-29,True,,False
2025-04-30,True,,False
2025-05-01,True,,False
2025-05-02,True,,False
2025-05-05,True,,False
2025-05-06,True,,False
2025-05-07,True,,False
2025-05-08,True,,False
2025-05-09,True,,False
2025-05-12,True,,False
2025-05-13,True,,False
2025-05-14,True,,False
2025-05-15,True,,False
2025-05-16,True,,False
2025-05-19,True,,False
2025-05-20,True,,False
2025-05-21,True,,False
2025-05-22,True,,False
2025-05-23,True,,False
2025-05-27,True,,False
2025-05-28,True,,False
2025-05-29,True,,False
2025-05-30,True,,False
2025-06-02,True,,False
2025-06-03,True,,False
2025-06-04,True,,False
2025-06-05,True,,False
2025-06-06,True,,False
2025-06-09,True,,False
2025-06-10,True,,False
2025-06-11,True,,False
2025-06-12,True,,False
2025-06-13,True,,False
2025-06-16,True,,False
2025-06-17,True,,False
2025-06-18,True,,False
2025-06-20,True,,False
2025-06-23,True,,False
2025-06-24,True,,False
2025-06-25,True,,False
2025-06-26,True,,False
2025-06-27,True,,False
2025-06-30,True,,False
2025-07-01,True,,False
2025-07-02,True,,False
2025-07-03,True,,True
2025-07-07,True,,False
2025-07-08,True,,False
2025-07-09,True,,False
2025-07-10,True,,False
2025-07-11,True,,False
2025-07-14,True,,False
2025-07-15,True,,False
2025-07-16,True,,False
2025-07-17,True,,False
2025-07-18,True,,False
2025-07-21,True,,False
2025-07-22,True,,False
2025-07-23,True,,False
2025-07-24,True,,False
2025-07-25,True,,False
2025-07-28,True,,False
2025-07-29,True,,False
2025-07-30,True,,False
2025-07-31,True,,False
2025-08-01,True,,False
2025-08-04,True,,False
2025-08-05,True,,False
2025-08-06,True,,False
2025-08-07,True,,False
2025-08-08,True,,False
2025-08-11,True,,False
2025-08-12,True,,False
2025-08-13,True,,False
2025-08-14,True,,False
2025-08-15,True,,False
2025-08-18,True,,False
2025-08-19,True,,False
2025-08-20,True,,False
2025-08-21,True,,False
2025-08-22,True,,False
2025-08-25,True,,False
2025-08-26,True,,False
2025-08-27,True,,False
2025-08-28,True,,False
2025-08-29,True,,False
2025-09-02,True,,False
2025-09-03,True,,False
2025-09-04,True,,False
2025-09-05,True,,False
2025-09-08,True,,False
2025-09-09,True,,False
2025-09-10,True,,False
2025-09-11,True,,False
2025-09-12,True,,False
2025-09-15,True,,False
2025-09-16,True,,False
2025-09-17,True,,False
2025-09-18,True,,False
2025-09-19,True,,False
2025-09-22,True,,False
2025-09-23,True,,False
2025-09-24,True,,False
2025-09-25,True,,False
2025-09-26,True,,False
2025-09-29,True,,False
2025-09-30,True,,False
2025-10-01,True,,False
2025-10-02,True,,False
2025-10-03,True,,False
2025-10-06,True,,False
2025-10-07,True,,False
2025-10-08,True,,False
2025-10-09,True,,False
2025-10-10,True,,False
2025-10-13,True,,False
2025-10-14,True,,False
2025-10-15,True,,False
2025-10-16,True,,False
2025-10-17,True,,False
2025-10-20,True,,False
2025-10-21,True,,False
2025-10-22,True,,False
2025-10-23,True,,False
2025-10-24,True,,False
2025-10-27,True,,False
2025-10-28,True,,False
2025-10-29,True,,False
2025-10-30,True,,False
2025-10-31,True,,False
2025-11-03,True,,False
2025-11-04,True,,False
2025-11-05,True,,False
2025-11-06,True,,False
2025-11-07,True,,False
2025-11-10,True,,False
2025-11-11,True,,False
2025-11-12,True,,False
2025-11-13,True,,False
2025-11-14,True,,False
2025-11-17,True,,False
2025-11-18,True,,False
2025-11-19,True,,False
2025-11-20,True,,False
2025-11-21,True,,False
2025-11-24,True,,False
2025-11-25,True,,False
2025-11-26,True,,False
2025-11-28,True,,True
2025-12-01,True,,False
