session_date,sum_av_clean,daily_volume,diff
2025-03-13,77456149.0,74079416.0,3376733.0
2025-03-14,62660320.0,62660320.0,0.0
2025-03-17,49008708.0,49008708.0,0.0
2025-03-18,66041424.0,66041424.0,0.0
2025-03-19,66555984.0,66555984.0,0.0
2025-03-20,62958196.0,62958196.0,0.0
2025-03-21,83762960.0,83762960.0,0.0
2025-03-24,58766796.0,58766796.0,0.0
2025-03-25,38355736.0,38355736.0,0.0
2025-03-26,52228896.0,52228896.0,0.0
2025-03-27,42164248.0,42164248.0,0.0
2025-03-28,71662656.0,71662656.0,0.0
2025-03-31,95328216.0,95328216.0,0.0
2025-04-01,54609640.0,54609640.0,0.0
2025-04-02,76014544.0,76014544.0,0.0
2025-04-03,125986000.0,125986000.0,0.0
2025-04-04,217965136.0,217965136.0,0.0
2025-04-07,256611360.0,256611360.0,0.0
2025-04-08,165816576.0,165816576.0,0.0
2025-04-09,241867312.0,241867312.0,0.0
2025-04-10,162331232.0,162331232.0,0.0
2025-04-11,97866336.0,97866336.0,0.0
2025-04-14,68033992.0,68033992.0,0.0
2025-04-15,56892872.0,56892872.0,0.0
2025-04-16,83484816.0,83484816.0,0.0
2025-04-17,40044740.0,79868080.0,-39823340.0
2025-04-21,69368128.0,69368128.0,0.0
2025-04-22,75948120.0,75948120.0,0.0
2025-04-23,61312864.0,90590656.0,-29277792.0
2025-04-24,64150416.0,64150416.0,0.0
2025-04-25,37455103.0,61119592.0,-23664489.0
2025-04-28,47613756.0,47613756.0,0.0
2025-04-29,47775120.0,47775120.0,0.0
2025-04-30,93101464.0,93101464.0,0.0
2025-05-01,63186144.0,63186144.0,0.0
2025-05-02,60717272.0,60717272.0,0.0
2025-05-05,38659224.0,38659224.0,0.0
2025-05-06,48264708.0,48264708.0,0.0
2025-05-07,55733228.0,55733228.0,0.0
2025-05-08,65130788.0,65130788.0,0.0
2025-05-09,24629063.0,37603428.0,-12974365.0
2025-05-12,78993568.0,78993568.0,0.0
2025-05-13,67947224.0,67947224.0,0.0
2025-05-14,66283532.0,66283532.0,0.0
2025-05-15,71268144.0,71268144.0,0.0
2025-05-16,76052104.0,76052104.0,0.0
2025-05-19,68168512.0,68168512.0,0.0
2025-05-20,60614492.0,60614492.0,0.0
2025-05-21,95197656.0,95197656.0,0.0
2025-05-22,70860416.0,70860416.0,0.0
2025-05-23,76029048.0,76029048.0,0.0
2025-05-27,72588472.0,72588472.0,0.0
2025-05-28,68445512.0,68445512.0,0.0
2025-05-29,70073760.0,70073760.0,0.0
2025-05-30,90601240.0,90601240.0,0.0
2025-06-02,61630504.0,61630504.0,0.0
2025-06-03,63606204.0,63606204.0,0.0
2025-06-04,57314200.0,57314200.0,0.0
2025-06-05,92436400.0,92436400.0,0.0
2025-06-06,66588744.0,66588744.0,0.0
2025-06-09,53016416.0,53016416.0,0.0
2025-06-10,66246972.0,66246972.0,0.0
2025-06-11,73658224.0,73658224.0,0.0
2025-06-12,64129004.0,64129004.0,0.0
2025-06-13,89506000.0,89506000.0,0.0
2025-06-16,79984128.0,79984128.0,0.0
2025-06-17,82209368.0,82209368.0,0.0
2025-06-18,76605032.0,76605032.0,0.0
2025-06-20,94051376.0,94051376.0,0.0
2025-06-23,87426040.0,87426040.0,0.0
2025-06-24,67735296.0,67735296.0,0.0
2025-06-25,62114768.0,62114768.0,0.0
2025-06-26,78548360.0,78548360.0,0.0
2025-06-27,86258400.0,86258400.0,0.0
2025-06-30,92502544.0,92502544.0,0.0
2025-07-01,70030144.0,70030144.0,0.0
2025-07-02,66510376.0,66510376.0,0.0
2025-07-03,51065788.0,51065788.0,0.0
2025-07-07,74814504.0,74814504.0,0.0
2025-07-08,59024584.0,59024584.0,0.0
2025-07-09,66113328.0,66113328.0,0.0
2025-07-10,57528960.0,57528960.0,0.0
2025-07-11,63670224.0,63670224.0,0.0
2025-07-14,51898520.0,51898520.0,0.0
2025-07-15,74317264.0,74317264.0,0.0
2025-07-16,88987512.0,88987512.0,0.0
2025-07-17,68885680.0,68885680.0,0.0
2025-07-18,65621644.0,65621644.0,0.0
2025-07-21,63374984.0,63374984.0,0.0
2025-07-22,60046288.0,60046288.0,0.0
2025-07-23,70511040.0,70511040.0,0.0
2025-07-24,71307136.0,71307136.0,0.0
2025-07-25,56865364.0,56865364.0,0.0
2025-07-28,54917104.0,54917104.0,0.0
2025-07-29,60556280.0,60556280.0,0.0
2025-07-30,80418848.0,80418848.0,0.0
2025-07-31,103385248.0,103385248.0,0.0
2025-08-01,140103568.0,140103568.0,0.0
2025-08-04,73218016.0,73218016.0,0.0
2025-08-05,68051400.0,68051400.0,0.0
2025-08-06,64357524.0,64357524.0,0.0
2025-08-07,74205792.0,74205792.0,0.0
2025-08-08,64051624.0,64051624.0,0.0
2025-08-11,58742300.0,58742300.0,0.0
2025-08-12,64821800.0,64821800.0,0.0
2025-08-13,60092792.0,60092792.0,0.0
2025-08-14,59327464.0,59327464.0,0.0
2025-08-15,68592504.0,68592504.0,0.0
2025-08-18,43804912.0,43804912.0,0.0
2025-08-19,69750728.0,69750728.0,0.0
2025-08-20,88890296.0,88890296.0,0.0
2025-08-21,54805776.0,54805776.0,0.0
2025-08-22,84083216.0,84083216.0,0.0
2025-08-25,51274332.0,51274332.0,0.0
2025-08-26,51581564.0,51581564.0,0.0
2025-08-27,48341068.0,48341068.0,0.0
2025-08-28,61519460.0,61519460.0,0.0
2025-08-29,74522192.0,74522192.0,0.0
2025-09-02,81983544.0,81983544.0,0.0
2025-09-03,70820896.0,70820896.0,0.0
2025-09-04,65219228.0,65219228.0,0.0
2025-09-05,85178936.0,85178936.0,0.0
2025-09-08,63133104.0,63133104.0,0.0
2025-09-09,66133856.0,66133856.0,0.0
2025-09-10,78034528.0,78034528.0,0.0
2025-09-11,69934360.0,69934360.0,0.0
2025-09-12,72780136.0,72780136.0,0.0
2025-09-15,63772412.0,63772412.0,0.0
2025-09-16,61168952.0,61168952.0,0.0
2025-09-17,101952240.0,101952240.0,0.0
2025-09-18,90459240.0,90459240.0,0.0
2025-09-19,97945616.0,97945616.0,0.0
2025-09-22,48564894.0,69452200.0,-20887306.0
2025-09-23,81708872.0,81708872.0,0.0
2025-09-24,68082232.0,68082232.0,0.0
2025-09-25,89622064.0,89622064.0,0.0
2025-09-26,69179208.0,69179208.0,0.0
2025-09-29,73499016.0,73499016.0,0.0
2025-09-30,86288032.0,86288032.0,0.0
2025-10-01,72545368.0,72545368.0,0.0
2025-10-02,56895992.0,56895992.0,0.0
2025-10-03,70494352.0,70494352.0,0.0
2025-10-06,54623260.0,54623260.0,0.0
2025-10-07,72020064.0,72020064.0,0.0
2025-10-08,60702240.0,60702240.0,0.0
2025-10-09,66501940.0,66501940.0,0.0
2025-10-10,159422592.0,159422592.0,0.0
2025-10-13,79560520.0,79560520.0,0.0
2025-10-14,88779560.0,88779560.0,0.0
2025-10-15,81702552.0,81702552.0,0.0
2025-10-16,110563344.0,110563344.0,0.0
2025-10-17,96500872.0,96500872.0,0.0
2025-10-20,60493352.0,60493352.0,0.0
2025-10-21,56249032.0,56249032.0,0.0
2025-10-22,80564008.0,80564008.0,0.0
2025-10-23,65604460.0,65604460.0,0.0
2025-10-24,74356528.0,74356528.0,0.0
2025-10-27,63339792.0,63339792.0,0.0
2025-10-28,61738072.0,61738072.0,0.0
2025-10-29,85362208.0,85362208.0,0.0
2025-10-30,76335752.0,76335752.0,0.0
2025-10-31,87164120.0,87164120.0,0.0
2025-11-03,41710084.0,57315024.0,-15604940.0
2025-11-04,78426968.0,78426968.0,0.0
2025-11-05,74402376.0,74402376.0,0.0
2025-11-06,85035296.0,85035296.0,0.0
2025-11-07,100592440.0,100592440.0,0.0
2025-11-10,75842888.0,75842888.0,0.0
2025-11-11,58953384.0,58953384.0,0.0
2025-11-12,62312484.0,62312484.0,0.0
2025-11-13,103457792.0,103457792.0,0.0
2025-11-14,96846672.0,96846672.0,0.0
2025-11-17,90456104.0,90456104.0,0.0
2025-11-18,114467488.0,114467488.0,0.0
2025-11-19,94702952.0,94702952.0,0.0
2025-11-20,165293520.0,165293520.0,0.0
2025-11-21,123956200.0,123956200.0,0.0
2025-11-24,80437936.0,80437936.0,0.0
2025-11-25,81077088.0,81077088.0,0.0
2025-11-26,71879600.0,71879600.0,0.0
2025-11-28,49212032.0,49212032.0,0.0
2025-12-01,61135952.0,61135952.0,0.0
