,cagr,ann_vol,sharpe,max_drawdown,n_obs,total_return,beta,tracking_error,information_ratio,active_cagr,avg_turnover_one_way,cost_fee_layer,sample_start,sample_end,avg_n_holdings,avg_quality_annual_weight,avg_quality_ttm_weight
A_universe_cap,22.54%,15.39%,1.0820575914366808,-19.49%,628,65.95%,0.986787888642034,1.57%,1.111260346185176,2.14%,2.97%,after_trading_cost_5bps,2023-07-03,2025-12-31,458.3333333333333,1.0,0.0
B_universe_sector_equal,21.62%,16.22%,0.9880790434430896,-19.92%,628,62.87%,0.9865173657417577,5.38%,0.20858639068477242,1.22%,5.00%,after_trading_cost_5bps,2023-07-03,2025-12-31,458.3333333333333,1.0,0.0
C_momentum_only,35.64%,21.18%,1.3164221699051593,-26.36%,628,113.76%,1.239461832669848,9.62%,1.3483830711094693,15.24%,27.49%,after_trading_cost_5bps,2023-07-03,2025-12-31,97.1,1.0,0.0
D_value_only,25.01%,18.86%,1.0203399048821684,-21.52%,628,74.41%,1.0177818739545756,10.31%,0.42035066072613964,4.61%,11.07%,after_trading_cost_5bps,2023-07-03,2025-12-31,97.1,1.0,0.0
E_quality_only,19.36%,15.67%,0.8975134878360453,-19.83%,628,55.43%,0.9510929324853029,5.33%,-0.15819698161252702,-1.04%,7.12%,after_trading_cost_5bps,2023-07-03,2025-12-31,97.1,1.0,0.0
F_VQM_equal,26.71%,18.04%,1.1333266371150605,-22.87%,628,80.40%,1.0759515703304368,6.95%,0.7972195224857372,6.31%,27.63%,after_trading_cost_5bps,2023-07-03,2025-12-31,97.1,1.0,0.0
F_VQM_gross,27.13%,18.04%,1.1519210352352343,-22.82%,628,81.90%,1.0757466713142945,6.95%,0.8450032492305606,6.73%,27.63%,gross_0bps,2023-07-03,2025-12-31,97.1,1.0,0.0
F_VQM_after_fee,25.77%,18.04%,1.0917527943717802,-22.94%,628,77.06%,1.0759195479622723,6.95%,0.6892794105722303,5.36%,27.63%,after_trading_cost_and_75bps_mgmt,2023-07-03,2025-12-31,97.1,1.0,0.0
C_mom_gross,36.09%,21.17%,1.3323312618946,-26.31%,628,115.53%,1.2391749501705003,9.62%,1.383244911845027,15.69%,27.49%,gross_0bps,2023-07-03,2025-12-31,97.1,1.0,0.0
C_mom_after_fee,34.63%,21.18%,1.2810025123963074,-26.44%,628,109.80%,1.2394249439248282,9.62%,1.2703987986706495,14.22%,27.49%,after_trading_cost_and_75bps_mgmt,2023-07-03,2025-12-31,97.1,1.0,0.0
A_univ_gross,22.58%,15.39%,1.0844036842627218,-19.48%,628,66.10%,0.986780318116524,1.57%,1.1354608624065647,2.18%,2.97%,gross_0bps,2023-07-03,2025-12-31,458.3333333333333,1.0,0.0
SPY,20.40%,15.51%,0.9608489317463781,-18.76%,628,58.84%,,,,,,ETF_ER_embedded_no_extra_mgmt,2023-07-03,2025-12-31,,,
