date,jaccard_VQM_Mom,weight_overlap_VQM_Mom,n_VQM,n_Mom
2023-07-03,0.353383,0.543414,90,90
2023-08-01,0.388060,0.581210,93,93
2023-09-01,0.381295,0.546802,96,96
2023-10-02,0.422222,0.606623,96,96
2023-11-01,0.381295,0.572966,96,96
2023-12-01,0.391304,0.553329,96,96
2024-01-02,0.381295,0.553432,96,96
2024-02-01,0.411765,0.611705,96,96
2024-03-01,0.476923,0.667052,96,96
2024-04-01,0.432836,0.609057,96,96
2024-05-01,0.488372,0.629369,96,96
2024-06-03,0.480916,0.659196,97,97
2024-07-01,0.527559,0.706250,97,97
2024-08-01,0.480916,0.656237,97,97
2024-09-03,0.447761,0.628104,97,97
2024-10-01,0.395683,0.584250,97,97
2024-11-01,0.473684,0.622909,98,98
2024-12-02,0.441176,0.585302,98,98
2025-01-02,0.410072,0.576561,98,98
2025-02-03,0.390071,0.548516,98,98
2025-03-03,0.410072,0.584180,98,98
2025-04-01,0.466667,0.610489,99,99
2025-05-01,0.455882,0.651814,99,99
2025-06-02,0.394366,0.581459,99,99
2025-07-01,0.424460,0.602350,99,99
2025-08-01,0.414286,0.572998,99,99
2025-09-02,0.414286,0.606091,99,99
2025-10-01,0.365517,0.522942,99,99
2025-11-03,0.404255,0.580199,99,99
2025-12-01,0.384615,0.545568,99,99
