portfolio,date,asof_signals,wavg_rank_value,wavg_rank_quality,wavg_rank_momentum,wavg_value_bm,wavg_quality_roe,wavg_momentum,n_holdings
VQM,2023-07-03,2023-07-03,0.522204,0.677538,0.773802,8.526085,0.373180,0.378289,90
VQM,2023-08-01,2023-08-01,0.533955,0.656031,0.776254,8.571666,0.442880,0.332997,93
VQM,2023-09-01,2023-09-01,0.540398,0.648544,0.781840,7.496444,0.457516,0.449106,96
VQM,2023-10-02,2023-10-02,0.501853,0.659631,0.785730,7.861521,0.532358,0.584905,96
VQM,2023-11-01,2023-11-01,0.518528,0.650271,0.788316,7.661375,0.353750,0.394947,96
VQM,2023-12-01,2023-12-01,0.457490,0.691755,0.787763,7.508265,0.571323,0.268895,96
VQM,2024-01-02,2024-01-02,0.474670,0.670475,0.782264,0.231855,0.356958,0.458503,96
VQM,2024-02-01,2024-02-01,0.495769,0.647913,0.777510,7.270520,0.402197,0.415009,96
VQM,2024-03-01,2024-03-01,0.433080,0.688265,0.809353,7.955806,0.437939,0.635360,96
VQM,2024-04-01,2024-04-01,0.487518,0.649968,0.802287,7.892530,0.397185,0.834661,96
VQM,2024-05-01,2024-05-01,0.474947,0.654259,0.818524,8.286861,0.407943,0.958153,96
VQM,2024-06-03,2024-06-03,0.476650,0.647906,0.837964,7.861087,0.849265,0.649929,97
VQM,2024-07-01,2024-07-01,0.463229,0.668672,0.834068,7.686437,0.856299,0.640872,97
VQM,2024-08-01,2024-08-01,0.436600,0.691686,0.825763,7.536985,0.891606,0.534597,97
VQM,2024-09-03,2024-09-03,0.491035,0.654111,0.809422,6.982913,0.900797,0.469043,97
VQM,2024-10-01,2024-10-01,0.486184,0.653297,0.814635,7.117486,0.904969,0.674155,97
VQM,2024-11-01,2024-11-01,0.537671,0.602015,0.822293,7.559427,0.788149,0.821841,98
VQM,2024-12-02,2024-12-02,0.524271,0.616481,0.811142,7.492051,0.844177,0.727352,98
VQM,2025-01-02,2025-01-02,0.499836,0.651172,0.794111,7.603895,0.893530,0.838352,98
VQM,2025-02-03,2025-02-03,0.517018,0.633547,0.787913,7.692743,0.843215,0.684528,98
VQM,2025-03-03,2025-03-03,0.539870,0.561219,0.794592,8.267170,0.380549,0.638145,98
VQM,2025-04-01,2025-04-01,0.518441,0.622690,0.811641,7.988037,0.438639,0.484078,99
VQM,2025-05-01,2025-05-01,0.498534,0.646941,0.806640,7.904260,0.448914,0.425702,99
VQM,2025-06-02,2025-06-02,0.444913,0.699523,0.799241,8.266815,0.478066,0.371824,99
VQM,2025-07-01,2025-07-01,0.506486,0.641001,0.813685,8.503506,0.353112,0.461301,99
VQM,2025-08-01,2025-08-01,0.508284,0.640566,0.770164,0.247550,0.371344,0.497918,99
VQM,2025-09-02,2025-09-02,0.518438,0.618889,0.806088,0.275536,0.461226,0.502399,99
VQM,2025-10-01,2025-10-01,0.548518,0.606254,0.787558,8.227554,0.448254,0.448088,99
VQM,2025-11-03,2025-11-03,0.562045,0.579650,0.785480,8.179485,0.298168,0.552071,99
VQM,2025-12-01,2025-12-01,0.549006,0.594327,0.770584,7.657251,0.307342,0.421891,99
Momentum,2023-07-03,2023-07-03,0.391737,0.515183,0.903231,8.442574,0.203922,0.560557,90
Momentum,2023-08-01,2023-08-01,0.401849,0.495361,0.901551,0.195560,-0.111769,0.495787,93
Momentum,2023-09-01,2023-09-01,0.410182,0.496370,0.899978,7.134446,0.353174,0.618151,96
Momentum,2023-10-02,2023-10-02,0.407976,0.505193,0.902034,7.493293,0.377119,0.786068,96
Momentum,2023-11-01,2023-11-01,0.369217,0.528336,0.904240,0.177498,0.231155,0.554935,96
Momentum,2023-12-01,2023-12-01,0.353528,0.504051,0.900745,0.156551,0.216725,0.437894,96
Momentum,2024-01-02,2024-01-02,0.376555,0.471802,0.905585,0.168874,0.194010,0.746296,96
Momentum,2024-02-01,2024-02-01,0.372677,0.482257,0.905553,0.161753,0.217836,0.627144,96
Momentum,2024-03-01,2024-03-01,0.331127,0.594439,0.905495,0.146136,0.358360,0.783553,96
Momentum,2024-04-01,2024-04-01,0.383858,0.542259,0.904609,0.185447,0.338565,1.060326,96
Momentum,2024-05-01,2024-05-01,0.403241,0.522883,0.903944,0.208152,0.269440,1.159218,96
Momentum,2024-06-03,2024-06-03,0.365213,0.566291,0.899186,0.191063,0.818678,0.757459,97
Momentum,2024-07-01,2024-07-01,0.364573,0.585784,0.903707,0.174995,0.808071,0.770242,97
Momentum,2024-08-01,2024-08-01,0.339990,0.590174,0.902999,0.170761,0.849250,0.654906,97
Momentum,2024-09-03,2024-09-03,0.379161,0.553791,0.898162,0.190979,0.803395,0.554579,97
Momentum,2024-10-01,2024-10-01,0.380755,0.538348,0.900132,0.187939,0.782875,0.780341,97
Momentum,2024-11-01,2024-11-01,0.390004,0.548117,0.898417,0.238048,0.759436,0.943113,98
Momentum,2024-12-02,2024-12-02,0.393016,0.517739,0.900029,0.225288,0.718735,0.842331,98
Momentum,2025-01-02,2025-01-02,0.386055,0.519819,0.904000,0.180123,0.796000,1.028534,98
Momentum,2025-02-03,2025-02-03,0.391939,0.496051,0.904081,0.220275,0.669108,0.920241,98
Momentum,2025-03-03,2025-03-03,0.457771,0.460172,0.899027,0.273541,0.277858,0.827090,98
Momentum,2025-04-01,2025-04-01,0.382512,0.516450,0.902280,0.245813,0.375345,0.676073,99
Momentum,2025-05-01,2025-05-01,0.397876,0.512877,0.902484,7.782704,0.339862,0.595155,99
Momentum,2025-06-02,2025-06-02,0.341310,0.535516,0.902231,8.217194,0.297317,0.588751,99
Momentum,2025-07-01,2025-07-01,0.398794,0.504249,0.902353,0.170994,0.247835,0.688390,99
Momentum,2025-08-01,2025-08-01,0.381546,0.491747,0.902524,0.167035,0.239096,0.820600,99
Momentum,2025-09-02,2025-09-02,0.432958,0.446320,0.898826,0.229761,0.210929,0.817613,99
Momentum,2025-10-01,2025-10-01,0.396634,0.437319,0.902216,0.190633,0.208631,0.761081,99
Momentum,2025-11-03,2025-11-03,0.422415,0.431480,0.900614,0.226699,0.207429,0.890647,99
Momentum,2025-12-01,2025-12-01,0.400191,0.435569,0.900958,0.194145,0.209705,0.731399,99
Value,2023-07-03,2023-07-03,0.906734,0.320047,0.366912,9.295592,0.095470,0.000837,90
Value,2023-08-01,2023-08-01,0.905269,0.322257,0.364069,8.951389,0.088706,-0.000467,93
Value,2023-09-01,2023-09-01,0.904596,0.318249,0.382879,7.908463,0.087384,0.066021,96
Value,2023-10-02,2023-10-02,0.906465,0.312532,0.401035,8.315940,0.085848,0.168290,96
Value,2023-11-01,2023-11-01,0.904918,0.280077,0.378339,8.486660,0.065985,-0.017154,96
Value,2023-12-01,2023-12-01,0.906338,0.286657,0.353481,8.401030,0.065396,-0.107126,96
Value,2024-01-02,2024-01-02,0.903967,0.302120,0.346476,8.074467,0.073295,0.035479,96
Value,2024-02-01,2024-02-01,0.906505,0.294941,0.344032,7.702473,0.076645,0.015662,96
Value,2024-03-01,2024-03-01,0.905938,0.249662,0.344772,8.548959,0.067371,0.041063,96
Value,2024-04-01,2024-04-01,0.905977,0.252564,0.357641,8.401754,0.073676,0.101352,96
Value,2024-05-01,2024-05-01,0.906581,0.251131,0.391503,8.815893,0.072947,0.151010,96
Value,2024-06-03,2024-06-03,0.906002,0.253157,0.395605,8.343264,0.077210,0.134041,97
Value,2024-07-01,2024-07-01,0.905782,0.254756,0.390143,8.226890,0.078130,0.081123,97
Value,2024-08-01,2024-08-01,0.905412,0.248252,0.398503,8.048617,0.073711,0.076281,97
Value,2024-09-03,2024-09-03,0.906105,0.262471,0.419403,7.475703,0.078643,0.090765,97
Value,2024-10-01,2024-10-01,0.905781,0.263221,0.413287,7.570831,0.079923,0.223359,97
Value,2024-11-01,2024-11-01,0.905477,0.275848,0.480442,7.933329,0.086529,0.344513,98
Value,2024-12-02,2024-12-02,0.905516,0.275585,0.448608,7.856877,0.086924,0.214831,98
Value,2025-01-02,2025-01-02,0.905525,0.271381,0.388576,8.071410,0.083771,0.158566,98
Value,2025-02-03,2025-02-03,0.905481,0.288322,0.383035,8.105496,0.089545,0.076919,98
Value,2025-03-03,2025-03-03,0.901810,0.238891,0.410920,8.658448,0.057284,0.114076,98
Value,2025-04-01,2025-04-01,0.905323,0.255078,0.365703,8.410065,0.062062,-0.015925,99
Value,2025-05-01,2025-05-01,0.904797,0.250834,0.356573,8.389723,0.060969,-0.025334,99
Value,2025-06-02,2025-06-02,0.904304,0.254672,0.342993,8.846611,0.063901,-0.068933,99
Value,2025-07-01,2025-07-01,0.904429,0.254490,0.356760,8.971494,0.063805,-0.024140,99
Value,2025-08-01,2025-08-01,0.905006,0.254390,0.387492,9.131411,0.062645,0.048387,99
Value,2025-09-02,2025-09-02,0.904617,0.256591,0.396783,8.832020,0.063093,0.017385,99
Value,2025-10-01,2025-10-01,0.904933,0.270467,0.410570,8.551127,0.069429,0.049803,99
Value,2025-11-03,2025-11-03,0.904202,0.271754,0.458035,8.487597,0.069754,0.167250,99
Value,2025-12-01,2025-12-01,0.890502,0.293222,0.434422,7.958881,0.089004,0.051228,99
Quality,2023-07-03,2023-07-03,0.235307,0.906159,0.523242,0.117139,1.671098,0.136199,90
Quality,2023-08-01,2023-08-01,0.240772,0.904327,0.519097,0.113918,1.754158,0.101233,93
Quality,2023-09-01,2023-09-01,0.231514,0.905334,0.535759,0.105880,1.746092,0.171585,96
Quality,2023-10-02,2023-10-02,0.231375,0.906465,0.531317,0.113359,1.750116,0.288515,96
Quality,2023-11-01,2023-11-01,0.234062,0.906484,0.519770,0.117234,1.748122,0.096263,96
Quality,2023-12-01,2023-12-01,0.229873,0.906656,0.530884,0.104957,1.765860,0.016277,96
Quality,2024-01-02,2024-01-02,0.227777,0.906348,0.528978,0.100814,1.757780,0.179081,96
Quality,2024-02-01,2024-02-01,0.231080,0.906827,0.536691,0.101222,1.766219,0.156664,96
Quality,2024-03-01,2024-03-01,0.190459,0.906328,0.591944,0.087788,1.434391,0.343738,96
Quality,2024-04-01,2024-04-01,0.187988,0.903774,0.566781,0.085925,1.449206,0.480800,96
Quality,2024-05-01,2024-05-01,0.184625,0.906267,0.560066,0.091403,1.439498,0.538645,96
Quality,2024-06-03,2024-06-03,0.180362,0.905393,0.579525,0.085373,1.450221,0.380565,97
Quality,2024-07-01,2024-07-01,0.179696,0.905407,0.567218,0.082589,1.488007,0.340801,97
Quality,2024-08-01,2024-08-01,0.175911,0.905512,0.602172,0.081281,1.325074,0.313519,97
Quality,2024-09-03,2024-09-03,0.179252,0.905535,0.572498,0.080937,1.309135,0.253880,97
Quality,2024-10-01,2024-10-01,0.180013,0.905509,0.569362,0.077744,1.319310,0.433186,97
Quality,2024-11-01,2024-11-01,0.183007,0.904979,0.559705,0.078884,1.318949,0.555989,98
Quality,2024-12-02,2024-12-02,0.185554,0.904936,0.554007,0.073693,1.316070,0.462679,98
Quality,2025-01-02,2025-01-02,0.184372,0.904907,0.553392,0.077453,1.338799,0.582782,98
Quality,2025-02-03,2025-02-03,0.188485,0.904832,0.542054,0.075579,1.307365,0.448382,98
Quality,2025-03-03,2025-03-03,0.197098,0.846365,0.546705,0.088755,1.011699,0.389706,98
Quality,2025-04-01,2025-04-01,0.186112,0.905323,0.589014,0.080084,1.169661,0.253719,99
Quality,2025-05-01,2025-05-01,0.187494,0.905302,0.593913,0.082287,1.176840,0.231346,99
Quality,2025-06-02,2025-06-02,0.189497,0.905071,0.585166,0.078525,1.113864,0.192176,99
Quality,2025-07-01,2025-07-01,0.188998,0.905029,0.566676,0.074450,1.104223,0.241387,99
Quality,2025-08-01,2025-08-01,0.191991,0.905006,0.566267,0.075878,1.102105,0.298689,99
Quality,2025-09-02,2025-09-02,0.196134,0.904941,0.524377,0.079797,1.099137,0.214228,99
Quality,2025-10-01,2025-10-01,0.196895,0.904933,0.505715,0.079885,1.103164,0.174730,99
Quality,2025-11-03,2025-11-03,0.207646,0.904907,0.472187,0.082278,1.107862,0.191867,99
Quality,2025-12-01,2025-12-01,0.210061,0.905514,0.468003,0.086136,1.110094,0.068516,99
UniverseCap,2023-07-03,2023-07-03,0.376698,0.614695,0.579709,0.222020,0.623047,0.195126,423
UniverseCap,2023-08-01,2023-08-01,0.382214,0.613395,0.555750,0.213075,0.670068,0.148252,430
UniverseCap,2023-09-01,2023-09-01,0.373258,0.626490,0.557603,0.204066,0.649442,0.236182,453
UniverseCap,2023-10-02,2023-10-02,0.369795,0.624780,0.557108,0.215661,0.629130,0.370253,456
UniverseCap,2023-11-01,2023-11-01,0.371487,0.625721,0.605142,0.218226,0.621887,0.226593,456
UniverseCap,2023-12-01,2023-12-01,0.376701,0.626087,0.630032,0.200844,0.603155,0.149391,457
UniverseCap,2024-01-02,2024-01-02,0.373798,0.624025,0.620455,0.193234,0.599974,0.343503,458
UniverseCap,2024-02-01,2024-02-01,0.371030,0.621136,0.631936,0.189551,0.597838,0.284354,458
UniverseCap,2024-03-01,2024-03-01,0.368449,0.608214,0.636696,0.192931,0.546866,0.379937,458
UniverseCap,2024-04-01,2024-04-01,0.365940,0.622928,0.597350,0.187823,0.605800,0.425741,458
UniverseCap,2024-05-01,2024-05-01,0.356775,0.623221,0.570125,0.194820,0.587131,0.418716,458
UniverseCap,2024-06-03,2024-06-03,0.350669,0.631353,0.584610,0.186843,0.589026,0.314647,459
UniverseCap,2024-07-01,2024-07-01,0.341463,0.636421,0.603258,0.180308,0.603644,0.332632,459
UniverseCap,2024-08-01,2024-08-01,0.346258,0.634968,0.619405,0.180584,0.568751,0.317181,460
UniverseCap,2024-09-03,2024-09-03,0.345798,0.634594,0.610098,0.178877,0.565901,0.270753,460
UniverseCap,2024-10-01,2024-10-01,0.343654,0.632682,0.573727,0.173918,0.576144,0.422447,460
UniverseCap,2024-11-01,2024-11-01,0.343903,0.631407,0.541161,0.174009,0.573805,0.473798,461
UniverseCap,2024-12-02,2024-12-02,0.342736,0.627027,0.563345,0.164995,0.581338,0.375363,461
UniverseCap,2025-01-02,2025-01-02,0.336457,0.620003,0.587475,0.169672,0.565841,0.420280,461
UniverseCap,2025-02-03,2025-02-03,0.336375,0.615442,0.604277,0.164777,0.558469,0.339333,461
UniverseCap,2025-03-03,2025-03-03,0.345087,0.631509,0.583963,0.180636,0.620761,0.299476,461
UniverseCap,2025-04-01,2025-04-01,0.348912,0.631908,0.596891,0.188960,0.620559,0.188330,466
UniverseCap,2025-05-01,2025-05-01,0.342931,0.632188,0.581270,0.190297,0.618660,0.166915,466
UniverseCap,2025-06-02,2025-06-02,0.342278,0.630387,0.566392,0.179650,0.602879,0.141616,465
UniverseCap,2025-07-01,2025-07-01,0.342595,0.629509,0.554120,0.170564,0.590123,0.168413,465
UniverseCap,2025-08-01,2025-08-01,0.340792,0.629344,0.579938,0.170821,0.583614,0.261698,465
UniverseCap,2025-09-02,2025-09-02,0.347816,0.629193,0.581438,0.174122,0.594455,0.229716,464
UniverseCap,2025-10-01,2025-10-01,0.345563,0.627920,0.590160,0.167983,0.586965,0.226574,464
UniverseCap,2025-11-03,2025-11-03,0.337659,0.625357,0.597199,0.163640,0.569385,0.279218,464
UniverseCap,2025-12-01,2025-12-01,0.348523,0.626574,0.640832,0.166600,0.557731,0.262559,463
