date,signal_date,turnover_one_way,traded_notional_l1,trade_cost_approx,n_holdings,quality_ttm_weight,quality_annual_weight,quality_missing_weight,shares_usable_weight,shares_constant_weight
2023-07-03,2023-06-30,0.5,1.0,0.0005,90,0.0,1.0,0.0,1.0,0.0
2023-08-01,2023-07-31,0.20055778237156474,0.4011155647431295,0.00020055778237156475,93,0.0,1.0,0.0,1.0,0.0
2023-09-01,2023-08-31,0.26260677527152076,0.5252135505430415,0.0002626067752715208,96,0.0,0.9999999999999999,0.0,0.9999999999999999,0.0
2023-10-02,2023-09-29,0.26733185263467696,0.5346637052693539,0.00026733185263467694,96,0.0,1.0,0.0,1.0,0.0
2023-11-01,2023-10-31,0.3587510899799764,0.7175021799599528,0.0003587510899799764,96,0.0,1.0,0.0,1.0,0.0
2023-12-01,2023-11-30,0.30860769170022634,0.6172153834004527,0.00030860769170022636,96,0.0,1.0,0.0,1.0,0.0
2024-01-02,2023-12-29,0.228944755265345,0.45788951053069,0.000228944755265345,96,0.0,0.9999999999999999,0.0,0.9999999999999999,0.0
2024-02-01,2024-01-31,0.22854691318229525,0.4570938263645905,0.00022854691318229526,96,0.0,1.0,0.0,1.0,0.0
2024-03-01,2024-02-29,0.34237341678120864,0.6847468335624173,0.00034237341678120865,96,0.0,1.0,0.0,1.0,0.0
2024-04-01,2024-03-28,0.2851380746339897,0.5702761492679794,0.00028513807463398974,96,0.0,1.0,0.0,1.0,0.0
2024-05-01,2024-04-30,0.18562109089947298,0.37124218179894597,0.000185621090899473,96,0.0,1.0,0.0,1.0,0.0
2024-06-03,2024-05-31,0.21821199089624113,0.43642398179248226,0.00021821199089624115,97,0.0,1.0,0.0,1.0,0.0
2024-07-01,2024-06-28,0.19528448036644067,0.39056896073288133,0.00019528448036644066,97,0.0,1.0,0.0,1.0,0.0
2024-08-01,2024-07-31,0.24460781158510203,0.48921562317020406,0.00024460781158510206,97,0.0,1.0000000000000002,0.0,1.0000000000000002,0.0
2024-09-03,2024-08-30,0.29117372697560373,0.5823474539512075,0.0002911737269756037,97,0.0,1.0,0.0,1.0,0.0
2024-10-01,2024-09-30,0.23910683357841045,0.4782136671568209,0.00023910683357841045,97,0.0,0.9999999999999999,0.0,0.9999999999999999,0.0
2024-11-01,2024-10-31,0.28309656625742124,0.5661931325148425,0.00028309656625742126,98,0.0,1.0000000000000002,0.0,1.0000000000000002,0.0
2024-12-02,2024-11-29,0.29687811605774217,0.5937562321154843,0.0002968781160577422,98,0.0,1.0,0.0,1.0,0.0
2025-01-02,2024-12-31,0.27910259746009725,0.5582051949201945,0.0002791025974600973,98,0.0,1.0000000000000002,0.0,1.0000000000000002,0.0
2025-02-03,2025-01-31,0.19783224274071257,0.39566448548142513,0.00019783224274071257,98,0.0,1.0000000000000002,0.0,1.0000000000000002,0.0
2025-03-03,2025-02-28,0.19685521994124192,0.39371043988248383,0.0001968552199412419,98,0.0,1.0,0.0,1.0,0.0
2025-04-01,2025-03-31,0.4208442615325193,0.8416885230650386,0.0004208442615325193,99,0.0,0.9999999999999999,0.0,0.9999999999999999,0.0
2025-05-01,2025-04-30,0.23779057831857936,0.4755811566371587,0.00023779057831857937,99,0.0,1.0,0.0,1.0,0.0
2025-06-02,2025-05-30,0.30422115127912297,0.6084423025582459,0.000304221151279123,99,0.0,1.0000000000000002,0.0,1.0000000000000002,0.0
2025-07-01,2025-06-30,0.25438116130872357,0.5087623226174471,0.00025438116130872357,99,0.0,1.0,0.0,1.0,0.0
2025-08-01,2025-07-31,0.22193112569546647,0.44386225139093294,0.00022193112569546649,99,0.0,1.0,0.0,1.0,0.0
2025-09-02,2025-08-29,0.32545012929239797,0.6509002585847959,0.000325450129292398,99,0.0,1.0,0.0,1.0,0.0
2025-10-01,2025-09-30,0.26941443771636514,0.5388288754327303,0.00026941443771636515,99,0.0,1.0,0.0,1.0,0.0
2025-11-03,2025-10-31,0.32473021877446295,0.6494604375489259,0.00032473021877446297,99,0.0,0.9999999999999999,0.0,0.9999999999999999,0.0
2025-12-01,2025-11-28,0.3195763811947071,0.6391527623894142,0.0003195763811947071,99,0.0,1.0,0.0,1.0,0.0
