variant,cagr,ann_vol,sharpe,max_drawdown,n_obs,total_return,beta,tracking_error,information_ratio,active_cagr
selection_pct=0.1,0.31048614,0.19895679,1.21478654,-0.23241734,628,0.96177445,1.15710950,0.08916992,1.03869225,0.10646264
selection_pct=0.2,0.25466536,0.18321614,1.06499391,-0.23425173,628,0.76010184,1.09434173,0.07040737,0.65408256,0.05064186
selection_pct=0.3,0.22391664,0.17295539,0.97399467,-0.21564504,628,0.65456241,1.04358929,0.06120274,0.31681508,0.01989314
lag_days=45,0.24674044,0.18454629,1.02430543,-0.23779875,628,0.73252693,1.10313506,0.07087366,0.56380314,0.04271694
lag_days=60,0.25466536,0.18321614,1.06499391,-0.23425173,628,0.76010184,1.09434173,0.07040737,0.65408256,0.05064186
lag_days=90,0.25510447,0.18335258,1.06625367,-0.23418087,628,0.76163738,1.09538851,0.07040468,0.65946401,0.05108097
"weights=[0.5, 0.25, 0.25]",0.26104654,0.17434782,1.13908953,-0.20380867,628,0.78249506,0.99055670,0.08235473,0.60150042,0.05702304
"weights=[0.25, 0.5, 0.25]",0.19189741,0.17247724,0.82228584,-0.21506892,628,0.54878851,1.04525265,0.05916533,-0.12250106,-0.01212609
"weights=[0.25, 0.25, 0.5]",0.28032737,0.19343624,1.12340472,-0.24377101,628,0.85118926,1.15192728,0.07768215,0.87842684,0.07630387
rebalance=Q,0.25699999,0.18542561,1.06450960,-0.23583092,628,0.76827502,1.10281183,0.07323905,0.65970117,0.05297649
cost_bps_per_side=5.0,0.25466536,0.18321614,1.06499391,-0.23425173,628,0.76010184,1.09434173,0.07040737,0.65408256,0.05064186
cost_bps_per_side=10.0,0.25047103,0.18324634,1.04655847,-0.23473527,628,0.74547510,1.09454342,0.07041700,0.60647709,0.04644753
cost_bps_per_side=15.0,0.24628949,0.18328166,1.02810038,-0.23521868,628,0.73096566,1.09474510,0.07043997,0.55877876,0.04226599
cost_bps_per_side=25.0,0.23796467,0.18336765,0.99112252,-0.23618509,628,0.70229510,1.09514846,0.07052589,0.46321272,0.03394117
