,cagr,ann_vol,sharpe,max_drawdown,n_obs,total_return,beta,tracking_error,information_ratio,active_cagr,avg_turnover_one_way,sample_start,sample_end
VQM_gross,0.2588725169643795,0.18319107708982646,1.08340510110744,-0.2337680606983924,628,0.7748468124882217,1.0941400530310683,0.07041109125588521,0.701568019421742,0.05484901776827944,0.27804066174388864,2023-07-03,2025-12-31
VQM_after_costs,0.2546653552356333,0.18321614486584856,1.064993905434815,-0.23425173356208018,628,0.7601018431482403,1.0943417348961109,0.07040737207682146,0.654082556501235,0.050641856039533195,0.27804066174388864,2023-07-03,2025-12-31
VQM_after_costs_and_fee,0.24529042549491686,0.18321069200439422,1.024048201474698,-0.23502621748635133,628,0.7275097462599582,1.09430916520162,0.07040431689374554,0.5474803508946757,0.041266926298816786,0.27804066174388864,2023-07-03,2025-12-31
VQM_high_cost,0.24628949165353564,0.18328165549861664,1.0281003803063442,-0.2352186790359302,628,0.730965661642049,1.0947450986261964,0.07043997486560448,0.5587787640936898,0.042265992457435564,0.27804066174388864,2023-07-03,2025-12-31
value_only,0.25009471723269816,0.18855892208112,1.02038219494477,-0.21520347669496342,628,0.7441663823358386,1.0177793492560734,0.10309771322119532,0.4204249202392172,0.04607121803659808,0.11067492709610377,2023-07-03,2025-12-31
quality_only,0.1819752771358405,0.15921353238733324,0.8243262168465043,-0.19857415587096805,628,0.5168572953188968,0.9662726626539672,0.05388038174244554,-0.33092091277848973,-0.02204822206025958,0.07194313319120078,2023-07-03,2025-12-31
momentum_only,0.35640189383807463,0.21178963417329372,1.3164355775907275,-0.2635908666995337,628,1.1375696137770395,1.2394563179300804,0.09621972229583885,1.3484256920132152,0.15237839464197456,0.27494550667739254,2023-07-03,2025-12-31
universe_cap,0.22541040144089353,0.15388134004525397,1.082175190830655,-0.19486669840841364,628,0.6595993596151966,0.986781549364924,0.01569516476023626,1.112316258467999,0.02138690224479345,0.02969979151803317,2023-07-03,2025-12-31
SPY,0.20402349919610008,0.15514332179774537,0.9608489317463781,-0.18755220835437203,628,0.58835453756461,,,,,,2023-07-03,2025-12-31
