session_date,available_at,variant,reason,fill_price,shares_from,shares_to,traded,commission,slippage,cost
2025-04-02,11:30:00,A,A_enter_long,560.0867,0,180,180,0.63,0.18,0.81
2025-04-02,16:00:00,A,session_close_flatten,561.2995,180,0,180,0.63,0.18,0.81
2025-04-03,10:30:00,A,A_enter_short,539.8726,0,-185,185,0.6475,0.185,0.8325
2025-04-03,16:00:00,A,session_close_flatten,533.6382,-185,0,185,0.6475,0.185,0.8325
2025-04-04,10:30:00,A,A_enter_short,513.2007,0,-194,194,0.679,0.194,0.873
2025-04-04,16:00:00,A,session_close_flatten,502.3975,-194,0,194,0.679,0.194,0.873
2025-04-07,14:00:00,A,A_enter_long,506.3052,0,210,210,0.735,0.21,0.945
2025-04-07,16:00:00,A,session_close_flatten,501.5026,210,0,210,0.735,0.21,0.945
2025-04-08,15:30:00,A,A_enter_short,494.4271,0,-197,197,0.6895,0.197,0.8865000000000001
2025-04-08,16:00:00,A,session_close_flatten,493.6476,-197,0,197,0.6895,0.197,0.8865000000000001
2025-04-09,11:00:00,A,A_enter_short,490.317,0,-206,206,0.721,0.20600000000000002,0.927
2025-04-09,13:30:00,A,A_reverse_to_long,521.7765,-206,206,412,1.442,0.41200000000000003,1.854
2025-04-09,16:00:00,A,session_close_flatten,545.4902,206,0,206,0.721,0.20600000000000002,0.927
2025-04-10,11:30:00,A,A_enter_short,520.812,0,-192,192,0.672,0.192,0.8640000000000001
2025-04-10,16:00:00,A,session_close_flatten,521.5873,-192,0,192,0.672,0.192,0.8640000000000001
2025-04-11,10:30:00,A,A_enter_short,517.5607,0,-193,193,0.6755,0.193,0.8685
2025-04-11,13:00:00,A,A_reverse_to_long,528.7863,-193,193,386,1.351,0.386,1.737
2025-04-11,16:00:00,A,session_close_flatten,530.894,193,0,193,0.6755,0.193,0.8685
2025-04-21,11:30:00,A,A_enter_short,510.1432,0,-192,192,0.672,0.192,0.8640000000000001
2025-04-21,16:00:00,A,session_close_flatten,510.9484,-192,0,192,0.672,0.192,0.8640000000000001
2025-04-22,12:00:00,A,A_enter_long,523.2083,0,190,190,0.665,0.19,0.855
2025-04-22,16:00:00,A,session_close_flatten,524.2421,190,0,190,0.665,0.19,0.855
2025-04-24,10:30:00,A,A_enter_long,539.0388,0,184,184,0.644,0.184,0.8280000000000001
2025-04-24,16:00:00,A,session_close_flatten,543.5712,184,0,184,0.644,0.184,0.8280000000000001
2025-05-01,11:00:00,A,A_enter_long,560.1761,0,179,179,0.6265000000000001,0.179,0.8055000000000001
2025-05-01,16:00:00,A,session_close_flatten,555.284,179,0,179,0.6265000000000001,0.179,0.8055000000000001
2025-05-02,10:30:00,A,A_enter_long,563.0621,0,176,176,0.616,0.176,0.792
2025-05-02,16:00:00,A,session_close_flatten,563.527,176,0,176,0.616,0.176,0.792
2025-05-08,12:00:00,A,A_enter_long,565.1277,0,176,176,0.616,0.176,0.792
2025-05-08,16:00:00,A,session_close_flatten,561.8364,176,0,176,0.616,0.176,0.792
2025-05-16,15:30:00,A,A_enter_long,590.4027,0,167,167,0.5845,0.167,0.7515000000000001
2025-05-16,16:00:00,A,session_close_flatten,590.8102,167,0,167,0.5845,0.167,0.7515000000000001
2025-05-21,13:30:00,A,A_enter_short,581.1359,0,-168,168,0.588,0.168,0.756
2025-05-21,16:00:00,A,session_close_flatten,579.5349,-168,0,168,0.588,0.168,0.756
2025-05-27,10:30:00,A,A_enter_long,584.5256,0,169,169,0.5915,0.169,0.7605000000000001
2025-05-27,16:00:00,A,session_close_flatten,587.7776,169,0,169,0.5915,0.169,0.7605000000000001
2025-05-28,11:00:00,A,A_enter_short,585.9831,0,-169,169,0.5915,0.169,0.7605000000000001
2025-05-28,16:00:00,A,session_close_flatten,584.3771,-169,0,169,0.5915,0.169,0.7605000000000001
2025-05-30,12:30:00,A,A_enter_short,581.7524,0,-170,170,0.595,0.17,0.765
2025-05-30,16:00:00,A,session_close_flatten,586.0276,-170,0,170,0.595,0.17,0.765
2025-06-02,15:30:00,A,A_enter_long,588.9312,0,169,169,0.5915,0.169,0.7605000000000001
2025-06-02,16:00:00,A,session_close_flatten,589.3287,169,0,169,0.5915,0.169,0.7605000000000001
2025-06-03,10:30:00,A,A_enter_long,590.4475,0,168,168,0.588,0.168,0.756
2025-06-03,16:00:00,A,session_close_flatten,592.6894,168,0,168,0.588,0.168,0.756
2025-06-05,11:00:00,A,A_enter_long,593.9524,0,168,168,0.588,0.168,0.756
2025-06-05,16:00:00,A,session_close_flatten,589.6667,168,0,168,0.588,0.168,0.756
2025-06-11,14:30:00,A,A_enter_short,597.1541,0,-164,164,0.5740000000000001,0.164,0.7380000000000001
2025-06-11,16:00:00,A,session_close_flatten,597.9296,-164,0,164,0.5740000000000001,0.164,0.7380000000000001
2025-06-13,10:30:00,A,A_enter_short,593.4453,0,-165,165,0.5775,0.165,0.7425
2025-06-13,16:00:00,A,session_close_flatten,593.5942,-165,0,165,0.5775,0.165,0.7425
2025-06-17,13:30:00,A,A_enter_short,595.3941,0,-164,164,0.5740000000000001,0.164,0.7380000000000001
2025-06-17,16:00:00,A,session_close_flatten,594.1212,-164,0,164,0.5740000000000001,0.164,0.7380000000000001
2025-06-18,10:30:00,A,A_enter_long,597.3151,0,165,165,0.5775,0.165,0.7425
2025-06-18,16:00:00,A,session_close_flatten,594.0317,165,0,165,0.5775,0.165,0.7425
2025-06-20,11:00:00,A,A_enter_short,592.597,0,-164,164,0.5740000000000001,0.164,0.7380000000000001
2025-06-20,16:00:00,A,session_close_flatten,592.6368,-164,0,164,0.5740000000000001,0.164,0.7380000000000001
2025-06-23,15:30:00,A,A_enter_long,597.5632,0,165,165,0.5775,0.165,0.7425
2025-06-23,16:00:00,A,session_close_flatten,598.4906,165,0,165,0.5775,0.165,0.7425
2025-06-24,11:30:00,A,A_enter_long,604.1051,0,163,163,0.5705,0.163,0.7335
2025-06-24,16:00:00,A,session_close_flatten,605.1022,163,0,163,0.5705,0.163,0.7335
2025-06-26,12:30:00,A,A_enter_long,609.201,0,162,162,0.5670000000000001,0.162,0.7290000000000001
2025-06-26,16:00:00,A,session_close_flatten,610.1782,162,0,162,0.5670000000000001,0.162,0.7290000000000001
2025-06-27,12:00:00,A,A_enter_long,614.1971,0,161,161,0.5635,0.161,0.7245
2025-06-27,16:00:00,A,session_close_flatten,613.2098,161,0,161,0.5635,0.161,0.7245
2025-07-02,10:30:00,A,A_enter_long,616.9395,0,160,160,0.56,0.16,0.7200000000000001
2025-07-02,16:00:00,A,session_close_flatten,618.7344,160,0,160,0.56,0.16,0.7200000000000001
2025-07-03,11:00:00,A,A_enter_long,623.5711,0,158,158,0.553,0.158,0.7110000000000001
2025-07-03,13:00:00,A,session_close_flatten,623.611,158,0,158,0.553,0.158,0.7110000000000001
2025-07-07,11:00:00,A,A_enter_short,620.3799,0,-158,158,0.553,0.158,0.7110000000000001
2025-07-07,16:00:00,A,session_close_flatten,618.9638,-158,0,158,0.553,0.158,0.7110000000000001
2025-07-10,11:30:00,A,A_enter_long,623.7806,0,159,159,0.5565,0.159,0.7155
2025-07-10,16:00:00,A,session_close_flatten,624.0896,159,0,159,0.5565,0.159,0.7155
2025-07-15,13:00:00,A,A_enter_short,621.447,0,-158,158,0.553,0.158,0.7110000000000001
2025-07-15,16:00:00,A,session_close_flatten,620.4198,-158,0,158,0.553,0.158,0.7110000000000001
2025-07-16,15:00:00,A,A_enter_long,622.6038,0,160,160,0.56,0.16,0.7200000000000001
2025-07-16,16:00:00,A,session_close_flatten,622.494,160,0,160,0.56,0.16,0.7200000000000001
2025-07-17,12:00:00,A,A_enter_long,625.4808,0,159,159,0.5565,0.159,0.7155
2025-07-17,16:00:00,A,session_close_flatten,626.3035,159,0,159,0.5565,0.159,0.7155
2025-07-18,10:30:00,A,A_enter_short,625.6453,0,-158,158,0.553,0.158,0.7110000000000001
2025-07-18,16:00:00,A,session_close_flatten,625.8447,-158,0,158,0.553,0.158,0.7110000000000001
2025-07-23,10:30:00,A,A_enter_long,628.9961,0,158,158,0.553,0.158,0.7110000000000001
2025-07-23,16:00:00,A,session_close_flatten,632.4564,158,0,158,0.553,0.158,0.7110000000000001
2025-07-25,12:30:00,A,A_enter_long,635.0045,0,157,157,0.5495,0.157,0.7065
2025-07-25,16:00:00,A,session_close_flatten,635.3384,157,0,157,0.5495,0.157,0.7065
2025-07-29,11:30:00,A,A_enter_short,633.4836,0,-157,157,0.5495,0.157,0.7065
2025-07-29,16:00:00,A,session_close_flatten,633.5035,-157,0,157,0.5495,0.157,0.7065
2025-07-30,10:30:00,A,A_enter_long,634.6105,0,157,157,0.5495,0.157,0.7065
2025-07-30,15:00:00,A,A_reverse_to_short,630.9805,157,-157,314,1.099,0.314,1.413
2025-07-30,16:00:00,A,session_close_flatten,632.7057,-157,0,157,0.5495,0.157,0.7065
2025-08-05,10:30:00,A,A_enter_short,628.1085,0,-157,157,0.5495,0.157,0.7065
2025-08-05,16:00:00,A,session_close_flatten,626.2336,-157,0,157,0.5495,0.157,0.7065
2025-08-06,11:00:00,A,A_enter_long,629.2354,0,158,158,0.553,0.158,0.7110000000000001
2025-08-06,16:00:00,A,session_close_flatten,631.0303,158,0,158,0.553,0.158,0.7110000000000001
2025-08-07,13:00:00,A,A_enter_short,629.4947,0,-156,156,0.546,0.156,0.7020000000000001
2025-08-07,16:00:00,A,session_close_flatten,630.5018,-156,0,156,0.546,0.156,0.7020000000000001
2025-08-12,10:30:00,A,A_enter_long,637.5623,0,156,156,0.546,0.156,0.7020000000000001
2025-08-12,16:00:00,A,session_close_flatten,640.913,156,0,156,0.546,0.156,0.7020000000000001
2025-08-19,11:00:00,A,A_enter_short,639.482,0,-156,156,0.546,0.156,0.7020000000000001
2025-08-19,16:00:00,A,session_close_flatten,638.041,-156,0,156,0.546,0.156,0.7020000000000001
2025-08-20,10:30:00,A,A_enter_short,632.1873,0,-158,158,0.553,0.158,0.7110000000000001
2025-08-20,16:00:00,A,session_close_flatten,636.3456,-158,0,158,0.553,0.158,0.7110000000000001
2025-08-22,10:30:00,A,A_enter_long,642.4683,0,156,156,0.546,0.156,0.7020000000000001
2025-08-22,16:00:00,A,session_close_flatten,643.5257,156,0,156,0.546,0.156,0.7020000000000001
2025-08-28,14:30:00,A,A_enter_long,646.8566,0,154,154,0.539,0.154,0.6930000000000001
2025-08-28,16:00:00,A,session_close_flatten,647.1257,154,0,154,0.539,0.154,0.6930000000000001
2025-08-29,11:00:00,A,A_enter_short,641.9551,0,-155,155,0.5425,0.155,0.6975
2025-08-29,16:00:00,A,session_close_flatten,643.2664,-155,0,155,0.5425,0.155,0.6975
2025-09-02,11:00:00,A,A_enter_short,635.887,0,-156,156,0.546,0.156,0.7020000000000001
2025-09-02,16:00:00,A,session_close_flatten,638.4996,-156,0,156,0.546,0.156,0.7020000000000001
2025-09-03,11:00:00,A,A_enter_long,642.2094,0,154,154,0.539,0.154,0.6930000000000001
2025-09-03,16:00:00,A,session_close_flatten,641.9601,154,0,154,0.539,0.154,0.6930000000000001
2025-09-04,13:30:00,A,A_enter_long,645.0902,0,154,154,0.539,0.154,0.6930000000000001
2025-09-04,16:00:00,A,session_close_flatten,647.3252,154,0,154,0.539,0.154,0.6930000000000001
2025-09-05,10:30:00,A,A_enter_short,644.7175,0,-153,153,0.5355,0.153,0.6885
2025-09-05,16:00:00,A,session_close_flatten,645.4504,-153,0,153,0.5355,0.153,0.6885
2025-09-11,11:30:00,A,A_enter_long,655.6323,0,151,151,0.5285,0.151,0.6795
2025-09-11,16:00:00,A,session_close_flatten,655.8116,151,0,151,0.5285,0.151,0.6795
2025-09-17,10:30:00,A,A_enter_short,657.3475,0,-151,151,0.5285,0.151,0.6795
2025-09-17,16:00:00,A,session_close_flatten,657.3574,-151,0,151,0.5285,0.151,0.6795
2025-09-18,10:30:00,A,A_enter_long,662.6528,0,150,150,0.525,0.15,0.675
2025-09-18,16:00:00,A,session_close_flatten,660.4288,150,0,150,0.525,0.15,0.675
2025-09-19,15:30:00,A,A_enter_long,663.85,0,149,149,0.5215,0.149,0.6705
2025-09-19,16:00:00,A,session_close_flatten,663.7,149,0,149,0.5215,0.149,0.6705
2025-09-22,11:00:00,A,A_enter_long,664.96,0,149,149,0.5215,0.149,0.6705
2025-09-22,16:00:00,A,session_close_flatten,666.84,149,0,149,0.5215,0.149,0.6705
2025-09-23,12:00:00,A,A_enter_short,665.5707,0,-148,148,0.518,0.148,0.666
2025-09-23,16:00:00,A,session_close_flatten,663.21,-148,0,148,0.518,0.148,0.666
2025-09-24,12:00:00,A,A_enter_short,660.38,0,-150,150,0.525,0.15,0.675
2025-09-24,16:00:00,A,session_close_flatten,661.1,-150,0,150,0.525,0.15,0.675
2025-09-30,15:30:00,A,A_enter_long,665.405,0,150,150,0.525,0.15,0.675
2025-09-30,16:00:00,A,session_close_flatten,666.18,150,0,150,0.525,0.15,0.675
2025-10-01,13:30:00,A,A_enter_long,667.9987,0,150,150,0.525,0.15,0.675
2025-10-01,16:00:00,A,session_close_flatten,668.45,150,0,150,0.525,0.15,0.675
2025-10-03,11:00:00,A,A_enter_long,672.1,0,148,148,0.518,0.148,0.666
2025-10-03,16:00:00,A,session_close_flatten,669.21,148,0,148,0.518,0.148,0.666
2025-10-06,12:00:00,A,A_enter_long,671.83,0,148,148,0.518,0.148,0.666
2025-10-06,16:00:00,A,session_close_flatten,671.61,148,0,148,0.518,0.148,0.666
2025-10-07,11:30:00,A,A_enter_short,669.23,0,-147,147,0.5145,0.147,0.6615
2025-10-07,16:00:00,A,session_close_flatten,669.12,-147,0,147,0.5145,0.147,0.6615
2025-10-08,10:30:00,A,A_enter_long,671.91,0,148,148,0.518,0.148,0.666
2025-10-08,16:00:00,A,session_close_flatten,673.11,148,0,148,0.518,0.148,0.666
2025-10-09,13:00:00,A,A_enter_short,669.76,0,-148,148,0.518,0.148,0.666
2025-10-09,16:00:00,A,session_close_flatten,671.16,-148,0,148,0.518,0.148,0.666
2025-10-10,11:00:00,A,A_enter_short,668.725,0,-147,147,0.5145,0.147,0.6615
2025-10-10,16:00:00,A,session_close_flatten,653.02,-147,0,147,0.5145,0.147,0.6615
2025-10-16,14:00:00,A,A_enter_short,661.81,0,-152,152,0.532,0.152,0.684
2025-10-16,16:00:00,A,session_close_flatten,660.64,-152,0,152,0.532,0.152,0.684
2025-10-17,10:30:00,A,A_enter_long,662.4,0,153,153,0.5355,0.153,0.6885
2025-10-17,16:00:00,A,session_close_flatten,664.39,153,0,153,0.5355,0.153,0.6885
2025-10-20,10:30:00,A,A_enter_long,670.3,0,152,152,0.532,0.152,0.684
2025-10-20,16:00:00,A,session_close_flatten,671.3,152,0,152,0.532,0.152,0.684
2025-10-22,10:30:00,A,A_enter_short,669.3375,0,-152,152,0.532,0.152,0.684
2025-10-22,16:00:00,A,session_close_flatten,667.8,-152,0,152,0.532,0.152,0.684
2025-10-30,10:30:00,A,A_enter_short,683.44,0,-149,149,0.5215,0.149,0.6705
2025-10-30,16:00:00,A,session_close_flatten,679.83,-149,0,149,0.5215,0.149,0.6705
2025-11-03,10:30:00,A,A_enter_short,680.3899,0,-150,150,0.525,0.15,0.675
2025-11-03,16:00:00,A,session_close_flatten,683.34,-150,0,150,0.525,0.15,0.675
2025-11-04,12:30:00,A,A_enter_short,676.94,0,-151,151,0.5285,0.151,0.6795
2025-11-04,16:00:00,A,session_close_flatten,675.24,-151,0,151,0.5285,0.151,0.6795
2025-11-05,11:30:00,A,A_enter_long,678.34,0,151,151,0.5285,0.151,0.6795
2025-11-05,16:00:00,A,session_close_flatten,677.58,151,0,151,0.5285,0.151,0.6795
2025-11-06,11:00:00,A,A_enter_short,670.91,0,-152,152,0.532,0.152,0.684
2025-11-06,16:00:00,A,session_close_flatten,670.31,-152,0,152,0.532,0.152,0.684
2025-11-07,11:00:00,A,A_enter_short,663.36,0,-154,154,0.539,0.154,0.6930000000000001
2025-11-07,16:00:00,A,session_close_flatten,670.97,-154,0,154,0.539,0.154,0.6930000000000001
2025-11-10,14:30:00,A,A_enter_long,680.755,0,149,149,0.5215,0.149,0.6705
2025-11-10,16:00:00,A,session_close_flatten,681.44,149,0,149,0.5215,0.149,0.6705
2025-11-11,10:30:00,A,A_enter_short,679.365,0,-149,149,0.5215,0.149,0.6705
2025-11-11,16:00:00,A,session_close_flatten,683.0,-149,0,149,0.5215,0.149,0.6705
2025-11-13,11:00:00,A,A_enter_short,676.3,0,-148,148,0.518,0.148,0.666
2025-11-13,16:00:00,A,session_close_flatten,672.04,-148,0,148,0.518,0.148,0.666
2025-11-14,11:30:00,A,A_enter_long,674.48,0,152,152,0.532,0.152,0.684
2025-11-14,16:00:00,A,session_close_flatten,671.93,152,0,152,0.532,0.152,0.684
2025-11-17,13:00:00,A,A_enter_short,669.233,0,-150,150,0.525,0.15,0.675
2025-11-17,16:00:00,A,session_close_flatten,665.67,-150,0,150,0.525,0.15,0.675
2025-11-20,12:00:00,A,A_enter_short,659.75,0,-150,150,0.525,0.15,0.675
2025-11-20,16:00:00,A,session_close_flatten,652.53,-150,0,150,0.525,0.15,0.675
2025-11-21,12:00:00,A,A_enter_long,660.82,0,157,157,0.5495,0.157,0.7065
2025-11-21,16:00:00,A,session_close_flatten,659.03,157,0,157,0.5495,0.157,0.7065
2025-11-24,10:30:00,A,A_enter_long,665.435,0,154,154,0.539,0.154,0.6930000000000001
2025-11-24,16:00:00,A,session_close_flatten,668.73,154,0,154,0.539,0.154,0.6930000000000001
2025-11-25,12:30:00,A,A_enter_long,673.33,0,154,154,0.539,0.154,0.6930000000000001
2025-11-25,16:00:00,A,session_close_flatten,675.02,154,0,154,0.539,0.154,0.6930000000000001
2025-11-26,10:30:00,A,A_enter_long,678.2,0,152,152,0.532,0.152,0.684
2025-11-26,16:00:00,A,session_close_flatten,679.68,152,0,152,0.532,0.152,0.684
2025-12-01,10:30:00,A,A_enter_short,679.675,0,-152,152,0.532,0.152,0.684
2025-12-01,16:00:00,A,session_close_flatten,680.27,-152,0,152,0.532,0.152,0.684
