label,n_sessions,start_date,end_date,start_equity,end_equity,total_return,ann_geom_return,ann_geom_convention,mean_daily_return,std_daily_return,ann_volatility,sharpe,risk_free_daily,max_drawdown,mdd_peak_date,mdd_trough_date,skewness,best_day,best_day_date,worst_day,worst_day_date,winning_day_fraction,winning_days,losing_days,flat_days,fraction_days_traded,total_commission,total_slippage,total_cost,band_lookback,matched_start,vm,max_leverage,slippage,fill_mode,use_vwap
A_lb10,162,2025-04-10,2025-12-01,100000.0,100154.58659999997,0.0015458659999996183,0.002405712795245485,(E_end/E_start)^(252/N)-1 with N=162,1.6147766467000257e-05,0.0036502742659627017,0.05794630754949693,0.07022427004875469,0.0,-0.03837665373810273,2025-04-10,2025-06-20,0.5640815653395226,0.02323809500035212,2025-10-10,-0.017475610630693472,2025-04-11,0.30246913580246915,49,43,70,0.5679012345679012,103.628,29.608,133.236,10.0,2025-04-10,,,,,
B_lb10,162,2025-04-10,2025-12-01,100000.0,99561.71670000015,-0.004382832999998532,-0.006809434541773962,(E_end/E_start)^(252/N)-1 with N=162,-2.2442470512044026e-05,0.003072966093911564,0.04878182443094133,-0.11593462595974421,0.0,-0.030337406977869463,2025-04-10,2025-05-15,2.305018140837173,0.02329923168901904,2025-10-10,-0.012043485320017866,2025-04-22,0.2654320987654321,43,49,70,0.5679012345679012,146.377,41.822,188.199,10.0,2025-04-10,,,,,
C_lb10,162,2025-04-10,2025-12-01,100000.0,106285.54690000092,0.06285546900000916,0.09946676748020389,(E_end/E_start)^(252/N)-1 with N=162,0.00041717768340156415,0.009231779167498417,0.14654995101520626,0.717357975822768,0.0,-0.05466828853617356,2025-08-19,2025-09-19,6.309906492038321,0.09315584790862852,2025-10-10,-0.018719033105021543,2025-11-21,0.2654320987654321,43,49,70,0.5679012345679012,403.949,115.414,519.363,10.0,2025-04-10,,,,,
A_lb14,162,2025-04-10,2025-12-01,100000.0,102556.57200000009,0.02556572000000079,0.04005026021538427,(E_end/E_start)^(252/N)-1 with N=162,0.00016208592353737046,0.003547741255172472,0.056318646463143024,0.7252598437028888,0.0,-0.026099242307910497,2025-04-10,2025-06-20,0.668953724426333,0.023164461347867205,2025-10-10,-0.017475610630693472,2025-04-11,0.30864197530864196,50,36,76,0.5308641975308642,96.95,27.700000000000003,124.65,14.0,2025-04-10,,,,,
B_lb14,162,2025-04-10,2025-12-01,100000.0,99951.50650000003,-0.0004849349999996866,-0.0007542417128413303,(E_end/E_start)^(252/N)-1 with N=162,1.7151059310364463e-06,0.0030849290856010403,0.048971731036621446,0.008825636453364838,0.0,-0.027587363665215303,2025-04-10,2025-05-08,2.1144337467007044,0.023306324163565817,2025-10-10,-0.014294520925216547,2025-04-11,0.25925925925925924,42,44,76,0.5308641975308642,137.06,39.16,176.22,14.0,2025-04-10,,,,,
C_lb14,162,2025-04-10,2025-12-01,100000.0,106448.9624000003,0.06448962400000302,0.10209747198479246,(E_end/E_start)^(252/N)-1 with N=162,0.000427132525605122,0.009283093855361807,0.14736454643135488,0.7304158229308584,0.0,-0.0481748973247037,2025-08-19,2025-09-19,6.2211355516282785,0.09312869996858164,2025-10-10,-0.02011200876002739,2025-11-21,0.25925925925925924,42,44,76,0.5308641975308642,381.48600000000005,108.99600000000001,490.482,14.0,2025-04-10,,,,,
A_lb20,162,2025-04-10,2025-12-01,100000.0,99475.11910000003,-0.005248808999999799,-0.008152900406370622,(E_end/E_start)^(252/N)-1 with N=162,-2.5926997128537337e-05,0.003635659025693837,0.05771429780287969,-0.11320597365156562,0.0,-0.03125463271603535,2025-04-10,2025-06-20,0.7118431861386406,0.023245483582244875,2025-10-10,-0.017475610630693472,2025-04-11,0.2716049382716049,44,40,78,0.5185185185185185,94.696,27.055999999999997,121.75200000000001,20.0,2025-04-10,,,,,
B_lb20,162,2025-04-10,2025-12-01,100000.0,101562.19179999994,0.015621917999999457,0.024405969897947077,(E_end/E_start)^(252/N)-1 with N=162,9.98551392572325e-05,0.0029035767734615103,0.04609285233097491,0.5459305254561658,0.0,-0.016862216762462467,2025-04-10,2025-04-22,3.120301456301159,0.023277116787524532,2025-10-10,-0.00986800568684787,2025-04-11,0.25308641975308643,41,43,78,0.5185185185185185,123.58500000000001,35.31,158.89499999999998,20.0,2025-04-10,,,,,
C_lb20,162,2025-04-10,2025-12-01,100000.0,108829.63589999944,0.08829635899999433,0.14067592138849117,(E_end/E_start)^(252/N)-1 with N=162,0.0005617534533423845,0.009069019218267593,0.14396621692080872,0.983299229986363,0.0,-0.043529096285710556,2025-08-19,2025-09-19,6.735191920324363,0.09324489163282013,2025-10-10,-0.01658617542841745,2025-09-17,0.25308641975308643,41,43,78,0.5185185185185185,348.005,99.43,447.43499999999995,20.0,2025-04-10,,,,,
A_vm0.75,168,2025-04-02,2025-12-01,100000.0,101573.6615000001,0.01573661500000112,0.023697545756004246,(E_end/E_start)^(252/N)-1 with N=168,0.00010286035494118053,0.00447076733661078,0.07097123125381631,0.36522981195685067,0.0,-0.05146101990242913,2025-04-04,2025-06-20,0.6598277266065107,0.023276555394963427,2025-10-10,-0.017483002803484582,2025-04-11,0.38095238095238093,64,50,54,0.6785714285714286,136.514,39.004000000000005,175.51800000000003,,,0.75,,,,
B_vm0.75,168,2025-04-02,2025-12-01,100000.0,103077.28869999999,0.030772886999999916,0.04651264385167364,(E_end/E_start)^(252/N)-1 with N=168,0.00019105079240538814,0.004653695424527727,0.07387512462443711,0.6517051569241215,0.0,-0.0370059663872353,2025-04-09,2025-10-03,4.274798941053211,0.037497882063542765,2025-04-09,-0.009862690437161259,2025-04-11,0.30952380952380953,52,62,54,0.6785714285714286,200.67600000000002,57.336,258.012,,,0.75,,,,
C_vm0.75,168,2025-04-02,2025-12-01,100000.0,105251.96040000032,0.052519604000003106,0.0798048914961782,(E_end/E_start)^(252/N)-1 with N=168,0.0003552621921564637,0.010239950698572378,0.16255417791590784,0.5507460563070995,0.0,-0.0765826714777621,2025-04-09,2025-10-03,4.761558708055962,0.09320295260587885,2025-10-10,-0.022294578515750785,2025-09-17,0.30952380952380953,52,62,54,0.6785714285714286,518.546,148.156,666.702,,,0.75,,,,
A_vm1.0,168,2025-04-02,2025-12-01,100000.0,103594.04020000022,0.03594040200000226,0.054392132061949594,(E_end/E_start)^(252/N)-1 with N=168,0.00021889912606682752,0.004188750281520627,0.06649434929433223,0.8295829698951941,0.0,-0.05059593896482928,2025-04-04,2025-06-20,0.7873940959145977,0.023247750077763696,2025-10-10,-0.017483002803484582,2025-04-11,0.32142857142857145,54,38,76,0.5476190476190477,107.59,30.74,138.33,,,1.0,,,,
B_vm1.0,168,2025-04-02,2025-12-01,100000.0,104459.0534000002,0.0445905340000019,0.06762596878637428,(E_end/E_start)^(252/N)-1 with N=168,0.0002699152610488732,0.004561457004058398,0.07241088509311361,0.9393428308029994,0.0,-0.028361955235954528,2025-04-09,2025-05-08,4.286996061565635,0.03739902802185946,2025-04-09,-0.014319980061710091,2025-04-11,0.27380952380952384,46,46,76,0.5476190476190477,156.66000000000003,44.76,201.42000000000002,,,1.0,,,,
C_vm1.0,168,2025-04-02,2025-12-01,100000.0,111056.56149999998,0.11056561499999984,0.1703515489971994,(E_end/E_start)^(252/N)-1 with N=168,0.0006701674014778272,0.009758091300869784,0.15490489711658526,1.0902314149907575,0.0,-0.04817515562866903,2025-08-19,2025-09-19,5.430378476148426,0.09312033744923887,2025-10-10,-0.020129748621610433,2025-11-21,0.27380952380952384,46,46,76,0.5476190476190477,415.877,118.82199999999999,534.6990000000001,,,1.0,,,,
A_vm1.5,168,2025-04-02,2025-12-01,100000.0,104773.08909999985,0.0477308909999985,0.07244399816237035,(E_end/E_start)^(252/N)-1 with N=168,0.00029152128764026175,0.005334885616620774,0.08468868368732424,0.8674519580039426,0.0,-0.04819935697276112,2025-04-09,2025-06-05,4.178855612107584,0.04745688844958407,2025-04-09,-0.025539037188707314,2025-04-11,0.18452380952380953,31,23,114,0.32142857142857145,62.73400000000001,17.924,80.658,,,1.5,,,,
B_vm1.5,168,2025-04-02,2025-12-01,100000.0,109175.02429999983,0.09175024299999834,0.14073547049385216,(E_end/E_start)^(252/N)-1 with N=168,0.0005329661018746091,0.004609315773742566,0.07317061950894055,1.8355380694295036,0.0,-0.01688872621173465,2025-10-10,2025-11-04,7.641493119566496,0.0474957053961893,2025-04-09,-0.005814159627160476,2025-10-16,0.1488095238095238,25,29,114,0.32142857142857145,84.01400000000001,24.004,108.01800000000001,,,1.5,,,,
C_vm1.5,168,2025-04-02,2025-12-01,100000.0,115241.82450000008,0.15241824500000067,0.23712957141312208,(E_end/E_start)^(252/N)-1 with N=168,0.0008821339479678853,0.008860377954933834,0.14065413954476394,1.5804565411824205,0.0,-0.03857658215099513,2025-10-10,2025-11-04,7.624672444522041,0.09315868608970512,2025-10-10,-0.014580858199335633,2025-07-30,0.1488095238095238,25,29,114,0.32142857142857145,220.101,62.885999999999996,282.98699999999997,,,1.5,,,,
C_cap1.0,168,2025-04-02,2025-12-01,100000.0,105371.06719999996,0.05371067199999957,0.08163832742541133,(E_end/E_start)^(252/N)-1 with N=168,0.0003205464099597912,0.004302721425376928,0.06830358511402027,1.1826274590861356,0.0,-0.01810458863614317,2025-04-09,2025-05-08,4.589477353954682,0.03497295071356232,2025-04-09,-0.009086729943853289,2025-11-21,0.27380952380952384,46,46,76,0.5476190476190477,149.828,42.808,192.636,,,,1.0,,,
C_cap2.0,168,2025-04-02,2025-12-01,100000.0,107738.40560000014,0.07738405600000142,0.11829354049016572,(E_end/E_start)^(252/N)-1 with N=168,0.00046462000835674147,0.006523839649019303,0.10356274382740788,1.1305633452607744,0.0,-0.03135722401883878,2025-10-16,2025-11-07,3.280815542273924,0.04649432965177236,2025-10-10,-0.01819943518114897,2025-11-21,0.27380952380952384,46,46,76,0.5476190476190477,280.77700000000004,80.222,360.999,,,,2.0,,,
C_cap4.0,168,2025-04-02,2025-12-01,100000.0,111056.56149999998,0.11056561499999984,0.1703515489971994,(E_end/E_start)^(252/N)-1 with N=168,0.0006701674014778272,0.009758091300869784,0.15490489711658526,1.0902314149907575,0.0,-0.04817515562866903,2025-08-19,2025-09-19,5.430378476148426,0.09312033744923887,2025-10-10,-0.020129748621610433,2025-11-21,0.27380952380952384,46,46,76,0.5476190476190477,415.877,118.82199999999999,534.6990000000001,,,,4.0,,,
A_slip0.001,168,2025-04-02,2025-12-01,100000.0,103594.04020000022,0.03594040200000226,0.054392132061949594,(E_end/E_start)^(252/N)-1 with N=168,0.00021889912606682752,0.004188750281520627,0.06649434929433223,0.8295829698951941,0.0,-0.05059593896482928,2025-04-04,2025-06-20,0.7873940959145977,0.023247750077763696,2025-10-10,-0.017483002803484582,2025-04-11,0.32142857142857145,54,38,76,0.5476190476190477,107.59,30.74,138.33,,,,,0.001,,
B_slip0.001,168,2025-04-02,2025-12-01,100000.0,104459.0534000002,0.0445905340000019,0.06762596878637428,(E_end/E_start)^(252/N)-1 with N=168,0.0002699152610488732,0.004561457004058398,0.07241088509311361,0.9393428308029994,0.0,-0.028361955235954528,2025-04-09,2025-05-08,4.286996061565635,0.03739902802185946,2025-04-09,-0.014319980061710091,2025-04-11,0.27380952380952384,46,46,76,0.5476190476190477,156.66000000000003,44.76,201.42000000000002,,,,,0.001,,
C_slip0.001,168,2025-04-02,2025-12-01,100000.0,111056.56149999998,0.11056561499999984,0.1703515489971994,(E_end/E_start)^(252/N)-1 with N=168,0.0006701674014778272,0.009758091300869784,0.15490489711658526,1.0902314149907575,0.0,-0.04817515562866903,2025-08-19,2025-09-19,5.430378476148426,0.09312033744923887,2025-10-10,-0.020129748621610433,2025-11-21,0.27380952380952384,46,46,76,0.5476190476190477,415.877,118.82199999999999,534.6990000000001,,,,,0.001,,
A_slip0.005,168,2025-04-02,2025-12-01,100000.0,103466.67690000002,0.03466676900000021,0.05244825222776406,(E_end/E_start)^(252/N)-1 with N=168,0.00021158463389364006,0.004191027941611813,0.06653050602736672,0.8014267578133989,0.0,-0.05096614494499585,2025-04-04,2025-06-20,0.7817916303212518,0.023259857085039082,2025-10-10,-0.017515935160510643,2025-04-11,0.32142857142857145,54,38,76,0.5476190476190477,107.471,153.53,261.00100000000003,,,,,0.005,,
B_slip0.005,168,2025-04-02,2025-12-01,100000.0,104290.3454999998,0.042903454999998036,0.06504058937638169,(E_end/E_start)^(252/N)-1 with N=168,0.000260298390022326,0.004562907779412594,0.07243391543788615,0.9055867529607129,0.0,-0.028588454706401922,2025-04-09,2025-05-08,4.278148495428917,0.0373713958984101,2025-04-09,-0.01438356866956303,2025-04-11,0.27380952380952384,46,46,76,0.5476190476190477,156.478,223.54000000000002,380.01800000000003,,,,,0.005,,
C_slip0.005,168,2025-04-02,2025-12-01,100000.0,110560.0846000004,0.10560084600000397,0.16251226485837145,(E_end/E_start)^(252/N)-1 with N=168,0.0006435416372206077,0.009764165974857311,0.155001329576586,1.0462651709027047,0.0,-0.04897620721885587,2025-08-19,2025-09-19,5.420015253916773,0.09310830700900108,2025-10-10,-0.02016237790632258,2025-11-21,0.27380952380952384,46,46,76,0.5476190476190477,414.897,592.71,1007.607,,,,,0.005,,
A_slip0.01,168,2025-04-02,2025-12-01,100000.0,103320.97560000008,0.03320975600000087,0.050225955839305225,(E_end/E_start)^(252/N)-1 with N=168,0.00020319977605108628,0.004192149837733545,0.06654831557617642,0.7694611519694883,0.0,-0.051419637591419654,2025-04-04,2025-06-20,0.7777392383827392,0.023272761369808048,2025-10-10,-0.01755694513203121,2025-04-11,0.32142857142857145,54,38,76,0.5476190476190477,107.387,306.82000000000005,414.207,,,,,0.01,,
B_slip0.01,168,2025-04-02,2025-12-01,100000.0,104075.30419999978,0.04075304199999774,0.06174820008043991,(E_end/E_start)^(252/N)-1 with N=168,0.0002480174320392759,0.004564661365909409,0.07246175276052423,0.8625294102456013,0.0,-0.028799413232494575,2025-04-09,2025-05-08,4.268766786292649,0.03733684649822733,2025-04-09,-0.014390767790119385,2025-04-11,0.26785714285714285,45,47,76,0.5476190476190477,156.27499999999998,446.5,602.775,,,,,0.01,,
C_slip0.01,168,2025-04-02,2025-12-01,100000.0,109939.53060000084,0.09939530600000834,0.15273855111203427,(E_end/E_start)^(252/N)-1 with N=168,0.0006100420310626701,0.009765993605067233,0.15503034230673024,0.9916161542340803,0.0,-0.05001639173191208,2025-08-19,2025-09-19,5.401607312886082,0.09300755196865595,2025-10-10,-0.020230500435019172,2025-11-21,0.26785714285714285,45,47,76,0.5476190476190477,413.728,1182.08,1595.808,,,,,0.01,,
A_delay,168,2025-04-02,2025-12-01,100000.0,96824.8220000001,-0.03175177999999901,-0.04724757925693124,(E_end/E_start)^(252/N)-1 with N=168,-0.00017839985168166672,0.005196340573471445,0.08248934931000121,-0.5450008152546956,0.0,-0.08625438384223572,2025-04-04,2025-09-02,-4.661009057244417,0.018962981851845973,2025-04-04,-0.048526972508001864,2025-04-09,0.2916666666666667,49,37,82,0.5119047619047619,96.145,27.47,123.615,,,,,,delay_one,
B_delay,168,2025-04-02,2025-12-01,100000.0,101213.34389999995,0.012133438999999413,0.01825525499009184,(E_end/E_start)^(252/N)-1 with N=168,8.035767540662528e-05,0.004165126127446199,0.06611932747464098,0.3062664878168368,0.0,-0.03974502316297901,2025-04-09,2025-09-05,2.3964741840391897,0.030478891685398635,2025-04-09,-0.019261412632978092,2025-04-10,0.25595238095238093,43,43,82,0.5119047619047619,137.13000000000002,39.18000000000001,176.31,,,,,,delay_one,
C_delay,168,2025-04-02,2025-12-01,100000.0,103901.7013000003,0.03901701300000315,0.05909273322713604,(E_end/E_start)^(252/N)-1 with N=168,0.00025469124461708123,0.007399974573194117,0.11747095457323782,0.5463664943957681,0.0,-0.05500089453812895,2025-04-09,2025-09-05,2.927366725832155,0.05571325273642014,2025-10-10,-0.020532228956487764,2025-07-30,0.25595238095238093,43,43,82,0.5119047619047619,357.182,102.052,459.234,,,,,,delay_one,
B_band_only,168,2025-04-02,2025-12-01,100000.0,104452.8520000002,0.04452852000000207,0.06753089788725974,(E_end/E_start)^(252/N)-1 with N=168,0.00026956198144458714,0.004561503805073693,0.07241162803619906,0.9381037433667074,0.0,-0.028361955235954528,2025-04-09,2025-05-08,4.287494966976045,0.03739902802185946,2025-04-09,-0.014319980061710091,2025-04-11,0.27380952380952384,46,46,76,0.5476190476190477,156.639,44.754,201.39300000000003,,,,,,,False
C_band_only,168,2025-04-02,2025-12-01,100000.0,111019.0863,0.11019086299999992,0.16975920950483347,(E_end/E_start)^(252/N)-1 with N=168,0.0006681893293686582,0.009761571015089067,0.15496013586733204,1.0866259897001016,0.0,-0.04851531145861432,2025-08-19,2025-09-19,5.430739066462001,0.09315444316431098,2025-10-10,-0.020136482190363125,2025-11-21,0.27380952380952384,46,46,76,0.5476190476190477,415.821,118.806,534.627,,,,,,,False
