date,ret
2023-06-30,-0.0005000000
2023-07-03,0.0037369443
2023-07-05,-0.0059194133
2023-07-06,-0.0117389342
2023-07-07,0.0023852351
2023-07-10,0.0123184817
2023-07-11,0.0090841924
2023-07-12,0.0063675093
2023-07-13,0.0083501366
2023-07-14,-0.0051444035
2023-07-17,0.0089949672
2023-07-18,0.0079850289
2023-07-19,-0.0015578663
2023-07-20,-0.0045470098
2023-07-21,0.0000477589
2023-07-24,0.0018597662
2023-07-25,0.0070070739
2023-07-26,-0.0017605886
2023-07-27,-0.0046148915
2023-07-28,0.0086319219
2023-07-31,0.0039028241
2023-08-01,0.0020291045
2023-08-02,-0.0081769256
2023-08-03,-0.0036809322
2023-08-04,-0.0008038461
2023-08-07,0.0195291729
2023-08-08,-0.0011659751
2023-08-09,-0.0053894589
2023-08-10,-0.0034388166
2023-08-11,-0.0022281893
2023-08-14,0.0040835517
2023-08-15,-0.0106631233
2023-08-16,-0.0101020417
2023-08-17,-0.0107220331
2023-08-18,0.0043225869
2023-08-21,0.0027226004
2023-08-22,-0.0030022690
2023-08-23,0.0077348786
2023-08-24,-0.0128692882
2023-08-25,0.0031659731
2023-08-28,0.0083172760
2023-08-29,0.0126791459
2023-08-30,0.0023115115
2023-08-31,-0.0037075067
2023-09-01,0.0082226379
2023-09-05,-0.0122588167
2023-09-06,-0.0002385201
2023-09-07,-0.0060674723
2023-09-08,0.0040714503
2023-09-11,0.0025468463
2023-09-12,-0.0059566783
2023-09-13,-0.0041599700
2023-09-14,0.0107147855
2023-09-15,-0.0169929680
2023-09-18,0.0020443238
2023-09-19,0.0003305212
2023-09-20,-0.0058366453
2023-09-21,-0.0185873247
2023-09-22,0.0010530398
2023-09-25,0.0041219047
2023-09-26,-0.0143654318
2023-09-27,0.0034455013
2023-09-28,0.0169823504
2023-09-29,-0.0046363706
2023-10-02,-0.0029475032
2023-10-03,-0.0174663090
2023-10-04,0.0081196922
2023-10-05,-0.0005928254
2023-10-06,0.0121171118
2023-10-09,0.0063326253
2023-10-10,0.0088942741
2023-10-11,0.0063069261
2023-10-12,-0.0084080692
2023-10-13,-0.0086377874
2023-10-16,0.0103409450
2023-10-17,0.0038861461
2023-10-18,-0.0140379540
2023-10-19,-0.0179873942
2023-10-20,-0.0132947074
2023-10-23,-0.0025188252
2023-10-24,0.0074492993
2023-10-25,-0.0194898710
2023-10-26,-0.0036784426
2023-10-27,-0.0040549284
2023-10-30,0.0055588823
2023-10-31,0.0071594773
2023-11-01,0.0134683884
2023-11-02,0.0177848286
2023-11-03,0.0161410993
2023-11-06,-0.0028763928
2023-11-07,0.0025568858
2023-11-08,0.0014828526
2023-11-09,-0.0079568658
2023-11-10,0.0198776413
2023-11-13,-0.0032511452
2023-11-14,0.0314656342
2023-11-15,0.0026943666
2023-11-16,-0.0002928142
2023-11-17,0.0045682324
2023-11-20,0.0099405496
2023-11-21,-0.0070497509
2023-11-22,0.0050282183
2023-11-24,0.0021111553
2023-11-27,-0.0010852538
2023-11-28,-0.0033283696
2023-11-29,0.0003144539
2023-11-30,0.0026494871
2023-12-01,0.0083786308
2023-12-04,-0.0056313408
2023-12-05,-0.0067823490
2023-12-06,-0.0054683679
2023-12-07,0.0098702889
2023-12-08,0.0080832527
2023-12-11,0.0144261805
2023-12-12,0.0016109339
2023-12-13,0.0153043162
2023-12-14,0.0134192728
2023-12-15,-0.0012034870
2023-12-18,0.0052922674
2023-12-19,0.0079073980
2023-12-20,-0.0158180519
2023-12-21,0.0115987257
2023-12-22,0.0015719605
2023-12-26,0.0064293580
2023-12-27,0.0007025206
2023-12-28,-0.0006985313
2023-12-29,-0.0035128671
2024-01-02,-0.0078884693
2024-01-03,-0.0090063693
2024-01-04,-0.0018919730
2024-01-05,0.0022245556
2024-01-08,0.0183763929
2024-01-09,-0.0007437978
2024-01-10,0.0035439019
2024-01-11,0.0041898896
2024-01-12,-0.0006782268
2024-01-16,-0.0041040887
2024-01-17,-0.0075037780
2024-01-18,0.0090527057
2024-01-19,0.0266027849
2024-01-22,0.0057237488
2024-01-23,-0.0006017042
2024-01-24,0.0052717330
2024-01-25,0.0113506017
2024-01-26,-0.0034828939
2024-01-29,0.0085877332
2024-01-30,0.0035263690
2024-01-31,-0.0137867408
2024-02-01,0.0163415042
2024-02-02,0.0096496545
2024-02-05,0.0013534642
2024-02-06,-0.0001850599
2024-02-07,0.0058117231
2024-02-08,0.0097564627
2024-02-09,0.0140822682
2024-02-12,0.0058346890
2024-02-13,-0.0167392360
2024-02-14,0.0173512150
2024-02-15,0.0117724552
2024-02-16,-0.0113308029
2024-02-20,-0.0055023365
2024-02-21,-0.0010457228
2024-02-22,0.0312897182
2024-02-23,-0.0003483995
2024-02-26,0.0017811209
2024-02-27,0.0016693689
2024-02-28,-0.0023122264
2024-02-29,0.0113506950
2024-03-01,0.0155382241
2024-03-04,0.0073946016
2024-03-05,-0.0090785494
2024-03-06,0.0094611753
2024-03-07,0.0121136562
2024-03-08,-0.0093837328
2024-03-11,-0.0074677380
2024-03-12,0.0124153111
2024-03-13,0.0036668078
2024-03-14,-0.0060052116
2024-03-15,-0.0104470043
2024-03-18,0.0079826663
2024-03-19,0.0031194744
2024-03-20,0.0115565173
2024-03-21,0.0126647156
2024-03-22,-0.0023778676
2024-03-25,-0.0005816981
2024-03-26,-0.0023220846
2024-03-27,0.0073708529
2024-03-28,0.0016409357
2024-04-01,0.0006498030
2024-04-02,-0.0099817444
2024-04-03,0.0098949751
2024-04-04,-0.0143803678
2024-04-05,0.0142810274
2024-04-08,-0.0011454405
2024-04-09,-0.0049900066
2024-04-10,-0.0111663580
2024-04-11,0.0053234383
2024-04-12,-0.0192278248
2024-04-15,-0.0114890027
2024-04-16,0.0021801546
2024-04-17,-0.0094031810
2024-04-18,-0.0059254471
2024-04-19,-0.0123708575
2024-04-22,0.0100482684
2024-04-23,0.0176768096
2024-04-24,-0.0004265055
2024-04-25,-0.0019592967
2024-04-26,0.0123044960
2024-04-29,0.0051536379
2024-04-30,-0.0167310595
2024-05-01,-0.0106548899
2024-05-02,0.0168258140
2024-05-03,0.0116754798
2024-05-06,0.0170700477
2024-05-07,0.0001020952
2024-05-08,-0.0002652906
2024-05-09,0.0082766231
2024-05-10,0.0060758136
2024-05-13,-0.0034552664
2024-05-14,0.0073384336
2024-05-15,0.0180232467
2024-05-16,-0.0076109890
2024-05-17,-0.0008863704
2024-05-20,0.0065516734
2024-05-21,0.0022181927
2024-05-22,-0.0065823437
2024-05-23,-0.0039624946
2024-05-24,0.0135996643
2024-05-28,0.0008472527
2024-05-29,-0.0094869304
2024-05-30,0.0003533289
2024-05-31,0.0042990360
2024-06-03,-0.0033656622
2024-06-04,-0.0073737466
2024-06-05,0.0175391722
2024-06-06,-0.0052181652
2024-06-07,-0.0026047531
2024-06-10,0.0115491634
2024-06-11,-0.0040682244
2024-06-12,0.0107356972
2024-06-13,0.0039396711
2024-06-14,-0.0058066326
2024-06-17,0.0138398617
2024-06-18,0.0064298771
2024-06-20,-0.0086397010
2024-06-21,-0.0023053036
2024-06-24,-0.0015147911
2024-06-25,0.0042388601
2024-06-26,-0.0045868617
2024-06-27,0.0009756825
2024-06-28,0.0011060651
2024-07-01,-0.0010124540
2024-07-02,0.0043786168
2024-07-03,0.0061583907
2024-07-05,-0.0025746743
2024-07-08,0.0066309687
2024-07-09,0.0019253111
2024-07-10,0.0103214494
2024-07-11,-0.0041718502
2024-07-12,0.0073225906
2024-07-15,0.0021638202
2024-07-16,0.0120108045
2024-07-17,-0.0252954240
2024-07-18,-0.0089020825
2024-07-19,-0.0071784541
2024-07-22,0.0169127137
2024-07-23,-0.0004601062
2024-07-24,-0.0214039611
2024-07-25,-0.0035120785
2024-07-26,0.0177660506
2024-07-29,-0.0024084490
2024-07-30,-0.0071142244
2024-07-31,0.0241950585
2024-08-01,-0.0238184448
2024-08-02,-0.0307702130
2024-08-05,-0.0222674208
2024-08-06,0.0148623534
2024-08-07,-0.0152615014
2024-08-08,0.0346297419
2024-08-09,0.0074188902
2024-08-12,0.0005422332
2024-08-13,0.0183763757
2024-08-14,0.0050840272
2024-08-15,0.0218579106
2024-08-16,0.0035476646
2024-08-19,0.0087069857
2024-08-20,-0.0057612702
2024-08-21,0.0115630859
2024-08-22,-0.0094990577
2024-08-23,0.0159403870
2024-08-26,-0.0078152439
2024-08-27,0.0011801989
2024-08-28,-0.0074797877
2024-08-29,-0.0013298857
2024-08-30,0.0126563461
2024-09-03,-0.0248870547
2024-09-04,-0.0012017049
2024-09-05,-0.0082591968
2024-09-06,-0.0193429417
2024-09-09,0.0127828543
2024-09-10,-0.0002725209
2024-09-11,0.0167426124
2024-09-12,0.0106718698
2024-09-13,0.0138732485
2024-09-16,0.0049987463
2024-09-17,0.0050945677
2024-09-18,-0.0001328174
2024-09-19,0.0193999103
2024-09-20,0.0031860788
2024-09-23,0.0040286583
2024-09-24,0.0024573622
2024-09-25,-0.0026846839
2024-09-26,0.0045875075
2024-09-27,-0.0028365093
2024-09-30,0.0026412421
2024-10-01,-0.0066130100
2024-10-02,0.0029494675
2024-10-03,-0.0006152650
2024-10-04,0.0092689749
2024-10-07,-0.0015326930
2024-10-08,0.0070044001
2024-10-09,0.0095798911
2024-10-10,-0.0030859932
2024-10-11,0.0114960218
2024-10-14,0.0065155170
2024-10-15,-0.0102501682
2024-10-16,0.0088241557
2024-10-17,-0.0024087766
2024-10-18,0.0008766506
2024-10-21,-0.0049453886
2024-10-22,-0.0060113577
2024-10-23,-0.0055829314
2024-10-24,0.0004259633
2024-10-25,-0.0051467965
2024-10-28,0.0039469116
2024-10-29,0.0010101403
2024-10-30,-0.0109324965
2024-10-31,-0.0083653978
2024-11-01,-0.0015036717
2024-11-04,0.0006631426
2024-11-05,0.0190339154
2024-11-06,0.0321845951
2024-11-07,0.0196213223
2024-11-08,0.0083823746
2024-11-11,0.0004957333
2024-11-12,-0.0070799858
2024-11-13,-0.0064213268
2024-11-14,-0.0055289730
2024-11-15,-0.0086620688
2024-11-18,0.0071755357
2024-11-19,0.0159945149
2024-11-20,0.0044969372
2024-11-21,0.0170993997
2024-11-22,0.0128054516
2024-11-25,0.0094538989
2024-11-26,0.0012932159
2024-11-27,-0.0041299621
2024-11-29,0.0040819976
2024-12-02,-0.0011355198
2024-12-03,-0.0007542121
2024-12-04,0.0061358781
2024-12-05,-0.0026323134
2024-12-06,0.0058695826
2024-12-09,-0.0163511631
2024-12-10,-0.0132290893
2024-12-11,0.0100092225
2024-12-12,-0.0013476518
2024-12-13,0.0088473359
2024-12-16,0.0060693071
2024-12-17,-0.0103867257
2024-12-18,-0.0305393562
2024-12-19,-0.0014329213
2024-12-20,0.0182217704
2024-12-23,0.0057232049
2024-12-24,0.0095348772
2024-12-26,0.0023177267
2024-12-27,-0.0116410746
2024-12-30,-0.0101656929
2024-12-31,-0.0041870891
2025-01-02,0.0038697593
2025-01-03,0.0146943967
2025-01-06,0.0089015767
2025-01-07,-0.0085927240
2025-01-08,0.0012074315
2025-01-10,-0.0150006091
2025-01-13,0.0010148540
2025-01-14,0.0098349943
2025-01-15,0.0172564222
2025-01-16,0.0070210165
2025-01-17,0.0070941529
2025-01-21,0.0179628655
2025-01-22,0.0118722148
2025-01-23,0.0057090301
2025-01-24,-0.0014792242
2025-01-27,-0.0294688749
2025-01-28,0.0068303632
2025-01-29,0.0047667119
2025-01-30,0.0165452468
2025-01-31,-0.0074267774
2025-02-03,-0.0072407448
2025-02-04,0.0081825730
2025-02-05,0.0102779072
2025-02-06,0.0092084814
2025-02-07,-0.0049277380
2025-02-10,0.0020392307
2025-02-11,-0.0040629682
2025-02-12,-0.0025304778
2025-02-13,0.0150274025
2025-02-14,0.0025345362
2025-02-18,0.0057539846
2025-02-19,-0.0008378853
2025-02-20,-0.0103420589
2025-02-21,-0.0241060065
2025-02-24,-0.0063949026
2025-02-25,-0.0057810126
2025-02-26,0.0065994875
2025-02-27,-0.0190079885
2025-02-28,0.0096635515
2025-03-03,-0.0217702648
2025-03-04,-0.0202994908
2025-03-05,0.0071774416
2025-03-06,-0.0271623662
2025-03-07,0.0062492510
2025-03-10,-0.0300923998
2025-03-11,-0.0057749112
2025-03-12,0.0046331378
2025-03-13,-0.0152537475
2025-03-14,0.0246039651
2025-03-17,0.0156902639
2025-03-18,-0.0116318473
2025-03-19,0.0174855542
2025-03-20,-0.0012308834
2025-03-21,-0.0008103210
2025-03-24,0.0260631732
2025-03-25,-0.0011842475
2025-03-26,-0.0130726425
2025-03-27,-0.0131976023
2025-03-28,-0.0152022807
2025-03-31,0.0069464914
2025-04-01,0.0024434585
2025-04-02,0.0110191017
2025-04-03,-0.0570810193
2025-04-04,-0.0630488694
2025-04-07,-0.0010282181
2025-04-08,-0.0151117794
2025-04-09,0.0920331045
2025-04-10,-0.0336440832
2025-04-11,0.0120581453
2025-04-14,0.0104696697
2025-04-15,0.0034777707
2025-04-16,-0.0176417873
2025-04-17,0.0065206488
2025-04-21,-0.0237793326
2025-04-22,0.0255803241
2025-04-23,0.0159257871
2025-04-24,0.0198761479
2025-04-25,0.0055021324
2025-04-28,0.0048930237
2025-04-29,0.0068468677
2025-04-30,-0.0001407997
2025-05-01,0.0016027974
2025-05-02,0.0186024561
2025-05-05,-0.0009007466
2025-05-06,-0.0021099940
2025-05-07,0.0109287893
2025-05-08,0.0059145301
2025-05-09,0.0018512803
2025-05-12,0.0269505815
2025-05-13,0.0089517214
2025-05-14,-0.0046534867
2025-05-15,0.0108292759
2025-05-16,0.0092344207
2025-05-19,0.0022854381
2025-05-20,-0.0026078259
2025-05-21,-0.0182020154
2025-05-22,-0.0036071793
2025-05-23,-0.0022983238
2025-05-27,0.0200743246
2025-05-28,-0.0063766340
2025-05-29,-0.0017223103
2025-05-30,0.0045467683
2025-06-02,0.0030199554
2025-06-03,0.0060650938
2025-06-04,-0.0031644218
2025-06-05,0.0014064484
2025-06-06,0.0088083461
2025-06-09,-0.0048903699
2025-06-10,0.0001653259
2025-06-11,-0.0011592137
2025-06-12,0.0060115108
2025-06-13,-0.0084576841
2025-06-16,0.0116294274
2025-06-17,-0.0051122424
2025-06-18,0.0013079315
2025-06-20,0.0003615851
2025-06-23,0.0111462154
2025-06-24,0.0095581557
2025-06-25,-0.0066664072
2025-06-26,0.0082503752
2025-06-27,0.0035661565
2025-06-30,0.0108684656
2025-07-01,0.0011329514
2025-07-02,-0.0007153565
2025-07-03,0.0115263126
2025-07-07,-0.0058663906
2025-07-08,-0.0034896953
2025-07-09,0.0032456236
2025-07-10,0.0023694796
2025-07-11,-0.0095687419
2025-07-14,0.0081260794
2025-07-15,-0.0106549977
2025-07-16,0.0032769430
2025-07-17,0.0107727975
2025-07-18,0.0022597006
2025-07-21,-0.0025459338
2025-07-22,0.0031258896
2025-07-23,0.0134839069
2025-07-24,-0.0031528077
2025-07-25,0.0080793052
2025-07-28,-0.0019238750
2025-07-29,0.0000105277
2025-07-30,-0.0023238902
2025-07-31,0.0001087051
2025-08-01,-0.0188746182
2025-08-04,0.0173466324
2025-08-05,-0.0089265116
2025-08-06,0.0044370646
2025-08-07,-0.0043742343
2025-08-08,0.0064387486
2025-08-11,-0.0021153398
2025-08-12,0.0178427944
2025-08-13,0.0034300108
2025-08-14,-0.0081626224
2025-08-15,-0.0050749449
2025-08-18,0.0021855492
2025-08-19,-0.0055021420
2025-08-20,0.0014587285
2025-08-21,-0.0018891192
2025-08-22,0.0205752825
2025-08-25,-0.0043370745
2025-08-26,0.0282850572
2025-08-27,0.0091232409
2025-08-28,0.0045977573
2025-08-29,-0.0060747750
2025-09-02,-0.0024448472
2025-09-03,0.0003628482
2025-09-04,0.0198645225
2025-09-05,-0.0000224289
2025-09-08,0.0100880131
2025-09-09,0.0066061813
2025-09-10,0.0201410524
2025-09-11,0.0089769133
2025-09-12,-0.0091893904
2025-09-15,0.0041912718
2025-09-16,-0.0006177182
2025-09-17,-0.0003830938
2025-09-18,0.0126465328
2025-09-19,0.0023674615
2025-09-22,0.0022541151
2025-09-23,0.0004986195
2025-09-24,-0.0090621591
2025-09-25,-0.0058660460
2025-09-26,0.0100383320
2025-09-29,0.0033930880
2025-09-30,0.0033860716
2025-10-01,-0.0030919204
2025-10-02,-0.0011307421
2025-10-03,-0.0018338042
2025-10-06,0.0014281318
2025-10-07,-0.0020489917
2025-10-08,0.0073477364
2025-10-09,-0.0055790524
2025-10-10,-0.0298414242
2025-10-13,0.0147936534
2025-10-14,0.0066025807
2025-10-15,0.0088656702
2025-10-16,-0.0105598317
2025-10-17,0.0032645414
2025-10-20,0.0100812733
2025-10-21,0.0047980162
2025-10-22,-0.0072970743
2025-10-23,0.0103568894
2025-10-24,0.0122904438
2025-10-27,0.0096917960
2025-10-28,-0.0066560478
2025-10-29,0.0038012861
2025-10-30,-0.0072094934
2025-10-31,0.0043065291
2025-11-03,0.0015344117
2025-11-04,-0.0143778369
2025-11-05,0.0121802504
2025-11-06,-0.0076733918
2025-11-07,0.0093596369
2025-11-10,0.0137233329
2025-11-11,-0.0038821954
2025-11-12,0.0069483674
2025-11-13,-0.0216056471
2025-11-14,-0.0027357999
2025-11-17,-0.0138291674
2025-11-18,-0.0009183584
2025-11-19,0.0009745005
2025-11-20,-0.0228882853
2025-11-21,0.0189790310
2025-11-24,0.0179806480
2025-11-25,0.0134723233
2025-11-26,0.0117467530
2025-11-28,0.0097716915
2025-12-01,-0.0049584901
2025-12-02,0.0046011259
2025-12-03,0.0051516884
2025-12-04,0.0060354901
2025-12-05,0.0088393831
2025-12-08,0.0007366107
2025-12-09,0.0037570550
2025-12-10,0.0182491569
2025-12-11,0.0062825038
2025-12-12,-0.0167010092
2025-12-15,0.0006885814
2025-12-16,-0.0083244720
2025-12-17,-0.0104658999
2025-12-18,0.0103054557
2025-12-19,0.0141616654
2025-12-22,0.0111602492
2025-12-23,-0.0020360679
2025-12-24,0.0037564888
2025-12-26,-0.0013108148
2025-12-29,-0.0014120625
2025-12-30,-0.0043177894
2025-12-31,-0.0106703841
2026-01-02,0.0202036439
2026-01-05,0.0108159211
2026-01-06,0.0144330187
2026-01-07,-0.0099806549
2026-01-08,0.0025644390
2026-01-09,0.0142527448
2026-01-12,0.0041461737
2026-01-13,0.0048098424
2026-01-14,-0.0033988600
2026-01-15,0.0149644916
2026-01-16,-0.0032379098
2026-01-20,-0.0149475031
2026-01-21,0.0193072287
2026-01-22,-0.0039090967
2026-01-23,-0.0106417591
2026-01-26,0.0030777687
2026-01-27,0.0105205131
2026-01-28,0.0042924034
2026-01-29,0.0056279649
2026-01-30,-0.0196084096
2026-02-02,0.0132221974
2026-02-03,-0.0033460144
2026-02-04,-0.0107413772
2026-02-05,-0.0028108685
2026-02-06,0.0267158219
2026-02-09,0.0052964185
2026-02-10,-0.0013242072
2026-02-11,0.0054283594
2026-02-12,-0.0242269281
2026-02-13,0.0139655443
2026-02-17,-0.0018977660
2026-02-18,0.0095571948
2026-02-19,-0.0060724258
2026-02-20,0.0106068077
2026-02-23,-0.0153179571
2026-02-24,0.0119366198
2026-02-25,0.0027726113
2026-02-26,-0.0017198532
2026-02-27,-0.0074885165
2026-03-02,-0.0039168402
2026-03-03,-0.0195806074
2026-03-04,0.0112022851
2026-03-05,-0.0124260943
2026-03-06,-0.0200327294
2026-03-09,0.0125310982
2026-03-10,-0.0000848290
2026-03-11,0.0040422840
2026-03-12,-0.0175366127
2026-03-13,0.0008079869
2026-03-16,0.0106201264
2026-03-17,0.0079200041
2026-03-18,-0.0124423605
2026-03-19,0.0044680878
2026-03-20,-0.0162473300
2026-03-23,0.0116406453
2026-03-24,0.0091263464
2026-03-25,0.0048699972
2026-03-26,-0.0211475270
2026-03-27,-0.0099327938
2026-03-30,-0.0152172467
2026-03-31,0.0338997666
2026-04-01,0.0193898304
2026-04-02,0.0009570555
2026-04-06,0.0085240925
2026-04-07,0.0031721045
2026-04-08,0.0382913849
2026-04-09,0.0057344245
2026-04-10,-0.0019016749
2026-04-13,0.0110880269
2026-04-14,0.0127424429
2026-04-15,-0.0035311569
2026-04-16,0.0040376456
2026-04-17,0.0166986236
2026-04-20,0.0024113651
2026-04-21,-0.0055317821
2026-04-22,0.0053690235
2026-04-23,0.0000413326
2026-04-24,0.0028199013
2026-04-27,0.0002798804
2026-04-28,-0.0139627591
2026-04-29,0.0097396403
2026-04-30,0.0229302780
2026-05-01,0.0026100834
2026-05-04,-0.0001525766
2026-05-05,0.0196195325
2026-05-06,0.0290534365
2026-05-07,-0.0145325721
2026-05-08,0.0122301386
2026-05-11,0.0172529401
2026-05-12,-0.0093871078
2026-05-13,0.0057442492
2026-05-14,0.0003878834
2026-05-15,-0.0145941483
2026-05-18,-0.0094927262
2026-05-19,-0.0099015710
2026-05-20,0.0196511121
2026-05-21,0.0146823349
2026-05-22,0.0092763523
2026-05-26,0.0290010833
2026-05-27,0.0050422695
2026-05-28,0.0089953134
2026-05-29,0.0001104414
2026-06-01,0.0105032441
2026-06-02,0.0294370508
2026-06-03,0.0046996051
2026-06-04,0.0056412861
2026-06-05,-0.0382200726
2026-06-08,0.0169598396
2026-06-09,-0.0033201674
2026-06-10,-0.0197787624
2026-06-11,0.0436486096
2026-06-12,0.0142274727
2026-06-15,0.0188610044
2026-06-16,-0.0180988308
2026-06-17,-0.0047519466
2026-06-18,0.0179425555
2026-06-22,0.0140825782
2026-06-23,-0.0281445177
2026-06-24,0.0007796207
2026-06-25,0.0262029987
2026-06-26,-0.0206409202
2026-06-29,0.0295696356
2026-06-30,0.0114658894
2026-07-01,-0.0072895634
2026-07-02,-0.0107904261
2026-07-06,0.0115912519
2026-07-07,-0.0099814048
2026-07-08,-0.0002532714
2026-07-09,0.0165945969
2026-07-10,0.0036898049
2026-07-13,-0.0141634895
2026-07-14,0.0063586180
2026-07-15,-0.0080527852
2026-07-16,-0.0084532028
2026-07-17,-0.0011907009
2026-07-20,-0.0033493231
2026-07-21,0.0195636455
2026-07-22,-0.0013979586
2026-07-23,-0.0075125658
2026-07-24,-0.0032290028
2026-07-27,0.0053937092
2026-07-28,-0.0018159545
2026-07-29,-0.0127714576
2026-07-30,0.0254341890
2026-07-31,0.0002245486
2026-08-03,0.0122016329
2026-08-04,0.0320548356
2026-08-05,-0.0098511545
2026-08-06,-0.0096448798
2026-08-07,0.0040514315
2026-08-10,-0.0043723074
2026-08-11,0.0003556708
2026-08-12,0.0151547267
2026-08-13,0.0136238594
2026-08-14,0.0087268118
2026-08-17,0.0067992744
2026-08-18,-0.0210341430
2026-08-19,-0.0143542757
2026-08-20,-0.0024535812
2026-08-21,0.0026910776
2026-08-24,-0.0086222459
2026-08-25,0.0035806348
2026-08-26,0.0058154515
2026-08-27,-0.0026231241
2026-08-28,-0.0098919207
2026-08-31,-0.0045891513
2026-09-01,-0.0086554756
2026-09-02,0.0058403854
2026-09-03,0.0080015532
2026-09-04,0.0123573930
2026-09-08,0.0086957617
2026-09-09,-0.0068586265
2026-09-10,-0.0109820853
2026-09-11,0.0119930545
2026-09-14,-0.0163166171
2026-09-15,-0.0056216255
2026-09-16,-0.0034398366
2026-09-17,0.0162242638
2026-09-18,0.0114971302
2026-09-21,0.0083290036
2026-09-22,0.0033005225
2026-09-23,-0.0088439222
2026-09-24,-0.0058775434
2026-09-25,0.0068559390
2026-09-28,-0.0052717012
2026-09-29,0.0030671886
