session_date,available_at,clock_label,price,upper,lower,vwap,position,shares,day_target_shares,day_exposure,reason,equity_mtm,cash,variant
2025-10-10,10:00:00,09:30:00,673.17,673.17,671.16,673.17,0,0,603,4.0,BC_stay_flat,101639.3223999999,101639.3223999999,C
2025-10-10,10:30:00,10:00:00,672.565,674.1503602618419,670.1825669692086,672.9461318850637,0,0,603,4.0,BC_stay_flat,101639.3223999999,101639.3223999999,C
2025-10-10,11:00:00,10:30:00,668.725,674.4312557828592,669.9025101664902,671.4011026778688,-1,-603,603,4.0,BC_enter_short,101636.60889999988,504877.78389999986,C
2025-10-10,11:30:00,11:00:00,662.42,674.6522267430577,669.6821989974736,665.9909745676536,-1,-603,603,4.0,BC_hold_short,105438.52389999991,504877.78389999986,C
2025-10-10,12:00:00,11:30:00,661.52,675.1265525123222,669.209289504627,664.7661920046656,-1,-603,603,4.0,BC_hold_short,105981.22389999987,504877.78389999986,C
2025-10-10,12:30:00,12:00:00,661.5,675.027352002895,669.3081938139502,664.4017551723961,-1,-603,603,4.0,BC_hold_short,105993.28389999986,504877.78389999986,C
2025-10-10,13:00:00,12:30:00,659.04,675.1004415303127,669.2353225225654,663.9476534553422,-1,-603,603,4.0,BC_hold_short,107476.66389999987,504877.78389999986,C
2025-10-10,13:30:00,13:00:00,659.84,675.1891477162792,669.1468812019876,663.657374489597,-1,-603,603,4.0,BC_hold_short,106994.26389999985,504877.78389999986,C
2025-10-10,14:00:00,13:30:00,659.64,675.1973432249077,669.1387101641054,663.4504519122279,-1,-603,603,4.0,BC_hold_short,107114.86389999988,504877.78389999986,C
2025-10-10,14:30:00,14:00:00,659.11,675.2196895512435,669.1164305610579,663.2576103289528,-1,-603,603,4.0,BC_hold_short,107434.45389999985,504877.78389999986,C
2025-10-10,15:00:00,14:30:00,657.215,675.3105277613435,669.0258635822996,662.9442724564274,-1,-603,603,4.0,BC_hold_short,108577.13889999985,504877.78389999986,C
2025-10-10,15:30:00,15:00:00,656.12,675.480271779007,668.8566263986833,662.5639571841683,-1,-603,603,4.0,BC_hold_short,109237.42389999988,504877.78389999986,C
2025-10-10,16:00:00,15:30:00,653.02,675.2914553112297,669.0448790845031,660.9321276441037,0,0,603,4.0,session_close_flatten,111104.01039999987,111104.01039999987,C
