session_date,variant,equity_start,equity_end,daily_return,open_proxy,close,spy_close,sigma,exposure,target_shares,n_trades,commission,slippage,cost,is_half_day
2025-04-02,A,100000.0,100216.68400000001,0.0021668400000001142,555.3837,561.2995,561.2995,0.011891080579637447,1.0,180,2,1.26,0.36,1.62,False
2025-04-03,A,100216.68400000001,101368.38300000003,0.011492088482991658,541.041,533.6382,533.6382,0.011270661336948089,1.0,185,2,1.295,0.37,1.665,False
2025-04-04,A,101368.38300000003,103462.45780000002,0.020658066529481767,519.9768,502.3975,502.3975,0.016587774175811417,1.0,194,2,1.358,0.388,1.746,False
2025-04-07,A,103462.45780000002,102452.02179999999,-0.009766209130207093,492.6188,501.5026,501.5026,0.021887854182283457,1.0,210,2,1.47,0.42,1.89,False
2025-04-08,A,102452.02179999999,102603.81030000001,0.0014815569017889718,520.0563,493.6476,493.6476,0.02192457212997421,1.0,197,2,1.379,0.394,1.7730000000000001,False
2025-04-09,A,102603.81030000001,101004.46749999997,-0.015587557570462263,497.3466,545.4902,545.4902,0.021387599503885208,1.0,206,3,2.884,0.8240000000000001,3.708,False
2025-04-10,A,101004.46749999997,100853.88189999998,-0.001490880589019361,525.8864,521.5873,521.5873,0.037297010896694176,1.0,192,2,1.344,0.384,1.7280000000000002,False
2025-04-11,A,100853.88189999998,99090.65319999997,-0.017483002803484582,522.1464,530.894,530.894,0.03897548406732831,1.0,193,3,2.702,0.772,3.474,False
2025-04-14,A,99090.65319999997,99090.65319999997,0.0,537.5858,536.0444,536.0444,0.03897260530245325,1.0,184,0,0.0,0.0,0.0,False
2025-04-15,A,99090.65319999997,99090.65319999997,0.0,538.3414,534.543,534.543,0.03912024443657424,1.0,184,0,0.0,0.0,0.0,False
2025-04-16,A,99090.65319999997,99090.65319999997,0.0,526.6883,522.6612,522.6612,0.03905299897906831,1.0,188,0,0.0,0.0,0.0,False
2025-04-17,A,99090.65319999997,99090.65319999997,0.0,525.6442,523.4069,523.4069,0.03937699555099801,1.0,188,0,0.0,0.0,0.0,False
2025-04-21,A,99090.65319999997,98934.32679999997,-0.0015776099455564463,514.4386,510.9484,510.9484,0.03914782601299672,1.0,192,2,1.344,0.384,1.7280000000000002,False
2025-04-22,A,98934.32679999997,99129.03879999998,0.001968093444387975,518.9427,524.2421,524.2421,0.03940444236760609,1.0,190,2,1.33,0.38,1.71,False
2025-04-23,A,99129.03879999998,99129.03879999998,0.0,541.036,532.3655,532.3655,0.04025257157345018,1.0,183,0,0.0,0.0,0.0,False
2025-04-24,A,99129.03879999998,99961.34439999999,0.008396183500570809,536.4012,543.5712,543.5712,0.040501773566193736,1.0,184,2,1.288,0.368,1.6560000000000001,False
2025-04-25,A,99961.34439999999,99961.34439999999,0.0,542.4578,547.4987,547.4987,0.03864275638324682,1.0,184,0,0.0,0.0,0.0,False
2025-04-28,A,99961.34439999999,99961.34439999999,0.0,547.1111,547.7075,547.7075,0.03449204992686045,1.0,182,0,0.0,0.0,0.0,False
2025-04-29,A,99961.34439999999,99961.34439999999,0.0,547.4393,551.1577,551.1577,0.03445600868439487,1.0,182,0,0.0,0.0,0.0,False
2025-04-30,A,99961.34439999999,99961.34439999999,0.0,538.6397,551.3764,551.3764,0.0338469441513359,1.0,185,0,0.0,0.0,0.0,False
2025-05-01,A,99961.34439999999,99084.04749999997,-0.008776361555217549,557.2927,555.284,555.284,0.01930124820908632,1.0,179,2,1.2530000000000001,0.358,1.6110000000000002,False
2025-05-02,A,99084.04749999997,99164.28589999997,0.0008098013961328476,560.2656,563.527,563.5267,0.014390477024464268,1.0,176,2,1.232,0.352,1.584,False
2025-05-05,A,99164.28589999997,99164.28589999997,0.0,560.5838,560.2953,560.2953,0.014198876438850568,1.0,176,0,0.0,0.0,0.0,False
2025-05-06,A,99164.28589999997,99164.28589999997,0.0,554.2603,555.6121,555.6121,0.014351001989229737,1.0,178,0,0.0,0.0,0.0,False
2025-05-07,A,99164.28589999997,99164.28589999997,0.0,558.1379,557.9487,557.9487,0.014606183379156736,1.0,177,0,0.0,0.0,0.0,False
2025-05-08,A,99164.28589999997,98583.43309999998,-0.005857479784463382,560.8523,561.8364,561.8364,0.012696755378422898,1.0,176,2,1.232,0.352,1.584,False
2025-05-09,A,98583.43309999998,98583.43309999998,0.0,563.6462,561.1208,561.1205,0.012671452967658658,1.0,174,0,0.0,0.0,0.0,False
2025-05-12,A,98583.43309999998,98583.43309999998,0.0,575.5974,579.6644,579.6641,0.009822255564252983,1.0,171,0,0.0,0.0,0.0,False
2025-05-13,A,98583.43309999998,98583.43309999998,0.0,581.9811,583.4922,583.4922,0.010992571113328452,1.0,169,0,0.0,0.0,0.0,False
2025-05-14,A,98583.43309999998,98583.43309999998,0.0,584.1653,584.2382,584.2379,0.010733935324175988,1.0,168,0,0.0,0.0,0.0,False
2025-05-15,A,98583.43309999998,98583.43309999998,0.0,582.7765,587.0915,587.0915,0.009963089472711073,1.0,169,0,0.0,0.0,0.0,False
2025-05-16,A,98583.43309999998,98649.98259999999,0.0006750576431284738,587.2608,590.8102,590.8102,0.009946332371261156,1.0,167,2,1.169,0.334,1.5030000000000001,False
2025-05-19,A,98649.98259999999,98649.98259999999,0.0,587.9369,591.4565,591.4565,0.009858484009281925,1.0,167,0,0.0,0.0,0.0,False
2025-05-20,A,98649.98259999999,98649.98259999999,0.0,589.4383,589.4679,589.4679,0.009922755861902097,1.0,167,0,0.0,0.0,0.0,False
2025-05-21,A,98649.98259999999,98917.43860000002,0.0027111611472299124,586.6244,579.5349,579.5349,0.010108872103030858,1.0,168,2,1.176,0.336,1.512,False
2025-05-22,A,98917.43860000002,98917.43860000002,0.0,581.0166,579.7635,579.7635,0.011610617312684582,1.0,170,0,0.0,0.0,0.0,False
2025-05-23,A,98917.43860000002,98917.43860000002,0.0,573.4699,575.8063,575.8063,0.011120120748944199,1.0,172,0,0.0,0.0,0.0,False
2025-05-27,A,98917.43860000002,99465.5056,0.005540650948476777,582.9554,587.7776,587.7776,0.011182817826459914,1.0,169,2,1.183,0.338,1.5210000000000001,False
2025-05-28,A,99465.5056,99735.39859999999,0.0027134331482248086,587.39,584.3771,584.3771,0.011800390008150734,1.0,169,2,1.183,0.338,1.5210000000000001,False
2025-05-29,A,99735.39859999999,99735.39859999999,0.0,587.8027,586.6838,586.6838,0.012091503992730549,1.0,169,0,0.0,0.0,0.0,False
2025-05-30,A,99735.39859999999,99007.08459999997,-0.007302462417792088,584.0691,586.0276,586.0276,0.012049402843750523,1.0,170,2,1.19,0.34,1.53,False
2025-06-02,A,99007.08459999997,99072.74109999997,0.0006631495136459886,582.9853,589.3287,589.3287,0.012045063160576581,1.0,169,2,1.183,0.338,1.5210000000000001,False
2025-06-03,A,99072.74109999997,99447.86829999999,0.003786381560003216,589.1102,592.6894,592.6894,0.008530536325225707,1.0,168,2,1.176,0.336,1.512,False
2025-06-04,A,99447.86829999999,99447.86829999999,0.0,593.3658,592.5303,592.5303,0.008490042646046102,1.0,167,0,0.0,0.0,0.0,False
2025-06-05,A,99447.86829999999,98726.3587,-0.007255154005146092,590.8601,589.6667,589.6667,0.00849832094330749,1.0,168,2,1.176,0.336,1.512,False
2025-06-06,A,98726.3587,98726.3587,0.0,596.9532,595.722,595.722,0.008556863607828383,1.0,165,0,0.0,0.0,0.0,False
2025-06-09,A,98726.3587,98726.3587,0.0,595.5532,596.2589,596.2589,0.008828961288796516,1.0,165,0,0.0,0.0,0.0,False
2025-06-10,A,98726.3587,98726.3587,0.0,597.1441,599.6398,599.6395,0.008828328742242172,1.0,165,0,0.0,0.0,0.0,False
2025-06-11,A,98726.3587,98597.70069999999,-0.0013031778108110181,600.1868,597.9296,597.9293,0.008845411483658106,1.0,164,2,1.1480000000000001,0.328,1.4760000000000002,False
2025-06-12,A,98597.70069999999,98597.70069999999,0.0,597.3827,600.3057,600.3057,0.007296337116088484,1.0,165,0,0.0,0.0,0.0,False
2025-06-13,A,98597.70069999999,98571.6472,-0.000264240441866459,595.3643,593.5942,593.5942,0.0072886951823878405,1.0,165,2,1.155,0.33,1.485,False
2025-06-16,A,98571.6472,98571.6472,0.0,599.764,599.2418,599.2418,0.007793387272159139,1.0,164,0,0.0,0.0,0.0,False
2025-06-17,A,98571.6472,98778.92679999999,0.0021028318577187566,597.5616,594.1212,594.1212,0.006129812746204636,1.0,164,2,1.1480000000000001,0.328,1.4760000000000002,False
2025-06-18,A,98778.92679999999,98235.6808,-0.005499614316522239,595.76,594.0317,594.0317,0.00641627745693556,1.0,165,2,1.155,0.33,1.485,False
2025-06-20,A,98235.6808,98227.6776,-8.146937991193592e-05,595.5987,592.6368,592.6368,0.006374695362653676,1.0,164,2,1.1480000000000001,0.328,1.4760000000000002,False
2025-06-23,A,98227.6776,98379.21359999999,0.0015427016468523291,595.1,598.4906,598.4906,0.006413126718230949,1.0,165,2,1.155,0.33,1.485,False
2025-06-24,A,98379.21359999999,98540.2739,0.0016371375019814671,602.2103,605.1022,605.1022,0.006749642158191951,1.0,163,2,1.141,0.326,1.467,False
2025-06-25,A,98540.2739,98540.2739,0.0,606.5084,605.4413,605.4413,0.007166792528261271,1.0,162,0,0.0,0.0,0.0,False
2025-06-26,A,98540.2739,98697.12229999997,0.0015917187337954886,607.5355,610.1782,610.1782,0.007154424782820854,1.0,162,2,1.1340000000000001,0.324,1.4580000000000002,False
2025-06-27,A,98697.12229999997,98536.71799999998,-0.0016252175976563255,612.7512,613.2098,613.2098,0.0070831540495468505,1.0,161,2,1.127,0.322,1.449,False
2025-06-30,A,98536.71799999998,98536.71799999998,0.0,614.6858,616.1417,616.1417,0.00676882060315719,1.0,160,0,0.0,0.0,0.0,False
2025-07-01,A,98536.71799999998,98536.71799999998,0.0,615.4553,615.9422,615.9422,0.006795779445740517,1.0,160,0,0.0,0.0,0.0,False
2025-07-02,A,98536.71799999998,98822.462,0.002899873324378577,615.5932,618.7344,618.7344,0.00676042308237921,1.0,160,2,1.12,0.32,1.4400000000000002,False
2025-07-03,A,98822.462,98827.3442,4.9403747905074624e-05,622.514,623.611,623.611,0.006644962218886246,1.0,158,2,1.106,0.316,1.4220000000000002,True
2025-07-07,A,98827.3442,99049.666,0.0022495980419150463,621.8758,618.9638,618.9638,0.006793547874936188,1.0,158,2,1.106,0.316,1.4220000000000002,False
2025-07-08,A,99049.666,99049.666,0.0,618.9439,618.6248,618.6248,0.0062576286772732205,1.0,160,0,0.0,0.0,0.0,False
2025-07-09,A,99049.666,99049.666,0.0,622.514,622.3345,622.3345,0.0060269471602268235,1.0,159,0,0.0,0.0,0.0,False
2025-07-10,A,99049.666,99097.36599999998,0.00048157658603287246,621.6365,624.0896,624.0896,0.005213538754319179,1.0,159,2,1.113,0.318,1.431,False
2025-07-11,A,99097.36599999998,99097.36599999998,0.0,621.467,621.8957,621.8957,0.005120514566261159,1.0,159,0,0.0,0.0,0.0,False
2025-07-14,A,99097.36599999998,99097.36599999998,0.0,620.9883,623.0824,623.0824,0.005232115816641396,1.0,159,0,0.0,0.0,0.0,False
2025-07-15,A,99097.36599999998,99258.24159999996,0.0016234094456151205,623.97,620.4198,620.4198,0.004903491835432976,1.0,158,2,1.106,0.316,1.4220000000000002,False
2025-07-16,A,99258.24159999996,99239.23359999998,-0.00019150047082827637,620.3301,622.494,622.494,0.004646185792752945,1.0,160,2,1.12,0.32,1.4400000000000002,False
2025-07-17,A,99239.23359999998,99368.61189999996,0.001303701120077827,624.1395,626.3035,626.3035,0.00464872689786291,1.0,159,2,1.113,0.318,1.431,False
2025-07-18,A,99368.61189999996,99335.68469999997,-0.0003313641940890788,627.5002,625.8447,625.8447,0.004504461816199492,1.0,158,2,1.106,0.316,1.4220000000000002,False
2025-07-21,A,99335.68469999997,99335.68469999997,0.0,629.036,627.0314,627.0314,0.0044607102955247745,1.0,157,0,0.0,0.0,0.0,False
2025-07-22,A,99335.68469999997,99335.68469999997,0.0,625.037,627.1212,627.1212,0.00436136172509117,1.0,158,0,0.0,0.0,0.0,False
2025-07-23,A,99335.68469999997,99880.99009999998,0.005489521732767733,628.2183,632.4564,632.4564,0.004350079427216805,1.0,158,2,1.106,0.316,1.4220000000000002,False
2025-07-24,A,99880.99009999998,99880.99009999998,0.0,633.354,632.6658,632.6658,0.004693789757426274,1.0,157,0,0.0,0.0,0.0,False
2025-07-25,A,99880.99009999998,99931.99939999997,0.0005107007844928901,633.5334,635.3384,635.3384,0.004333793691439184,1.0,157,2,1.099,0.314,1.413,False
2025-07-28,A,99931.99939999997,99931.99939999997,0.0,635.6876,635.1788,635.1788,0.003642422556693122,1.0,157,0,0.0,0.0,0.0,False
2025-07-29,A,99931.99939999997,99927.46209999996,-4.5403874907479214e-05,636.256,633.5035,633.5035,0.0036280997453053076,1.0,157,2,1.099,0.314,1.413,False
2025-07-30,A,99927.46209999996,99083.86969999997,-0.008442047684106946,633.9523,632.7057,632.7057,0.0036108856523720885,1.0,157,3,2.198,0.628,2.826,False
2025-07-31,A,99083.86969999997,99083.86969999997,0.0,637.677,630.3323,630.3323,0.003641286929661773,1.0,155,0,0.0,0.0,0.0,False
2025-08-01,A,99083.86969999997,99083.86969999997,0.0,619.4525,620.0009,620.0009,0.0036641861449173254,1.0,159,0,0.0,0.0,0.0,False
2025-08-04,A,99083.86969999997,99083.86969999997,0.0,627.4005,629.4248,629.4248,0.005890651988787556,1.0,157,0,0.0,0.0,0.0,False
2025-08-05,A,99083.86969999997,99376.81599999999,0.0029565488397556017,629.4947,626.2336,626.2336,0.007070762960690531,1.0,157,2,1.099,0.314,1.413,False
2025-08-06,A,99376.81599999999,99658.98819999999,0.0028394167911356405,627.2111,631.0303,631.0303,0.007217155609374184,1.0,158,2,1.106,0.316,1.4220000000000002,False
2025-08-07,A,99658.98819999999,99500.47659999998,-0.0015905399288411726,634.8,630.5018,630.5018,0.007321159613631466,1.0,156,2,1.092,0.312,1.4040000000000001,False
2025-08-08,A,99500.47659999998,99500.47659999998,0.0,634.1917,635.4182,635.4182,0.0073226410651288,1.0,156,0,0.0,0.0,0.0,False
2025-08-11,A,99500.47659999998,99500.47659999998,0.0,635.9368,634.1617,634.1617,0.007571441779249539,1.0,156,0,0.0,0.0,0.0,False
2025-08-12,A,99500.47659999998,100021.78179999997,0.005239223145590222,635.4083,640.913,640.913,0.007610499383546198,1.0,156,2,1.092,0.312,1.4040000000000001,False
2025-08-13,A,100021.78179999997,100021.78179999997,0.0,643.8051,643.1069,643.1069,0.007795774951234054,1.0,155,0,0.0,0.0,0.0,False
2025-08-14,A,100021.78179999997,100021.78179999997,0.0,642.2872,643.1667,643.1667,0.007819817356518594,1.0,155,0,0.0,0.0,0.0,False
2025-08-15,A,100021.78179999997,100021.78179999997,0.0,641.6362,641.6609,641.6609,0.007774660247531279,1.0,155,0,0.0,0.0,0.0,False
2025-08-18,A,100021.78179999997,100021.78179999997,0.0,640.9629,641.5213,641.5213,0.007818474146473192,1.0,156,0,0.0,0.0,0.0,False
2025-08-19,A,100021.78179999997,100245.17379999998,0.0022334335179781117,641.1025,638.041,638.041,0.007764290644087847,1.0,156,2,1.092,0.312,1.4040000000000001,False
2025-08-20,A,100245.17379999998,99586.7404,-0.006568230419886634,633.5535,636.3456,636.3456,0.007932512372744106,1.0,158,2,1.106,0.316,1.4220000000000002,False
2025-08-21,A,99586.7404,99586.7404,0.0,633.3041,633.7927,633.7927,0.007891323803036997,1.0,157,0,0.0,0.0,0.0,False
2025-08-22,A,99586.7404,99750.29079999999,0.001642290924906975,637.1435,643.5257,643.5257,0.006376288448853219,1.0,156,2,1.092,0.312,1.4040000000000001,False
2025-08-25,A,99750.29079999999,99750.29079999999,0.0,642.5585,640.6935,640.6935,0.006402138701112146,1.0,155,0,0.0,0.0,0.0,False
2025-08-26,A,99750.29079999999,99750.29079999999,0.0,640.7136,643.3762,643.3762,0.006350795770757842,1.0,155,0,0.0,0.0,0.0,False
2025-08-27,A,99750.29079999999,99750.29079999999,0.0,643.5433,644.842,644.842,0.006163092078375131,1.0,155,0,0.0,0.0,0.0,False
2025-08-28,A,99750.29079999999,99790.34620000001,0.000401556724083596,644.2737,647.1257,647.1257,0.006132160799137008,1.0,154,2,1.078,0.308,1.3860000000000001,False
2025-08-29,A,99790.34620000001,99585.69970000003,-0.0020507645057151747,643.7128,643.2664,643.2664,0.0059038614562287,1.0,155,2,1.085,0.31,1.395,False
2025-09-02,A,99585.69970000003,99176.73010000003,-0.004106710112315448,637.5623,638.4996,638.4996,0.006165510274950366,1.0,156,2,1.092,0.312,1.4040000000000001,False
2025-09-03,A,99176.73010000003,99136.95190000004,-0.0004010840038775054,640.2798,641.9601,641.9601,0.005882738370216428,1.0,154,2,1.078,0.308,1.3860000000000001,False
2025-09-04,A,99136.95190000004,99479.75590000005,0.00345788319521656,643.2351,647.3252,647.3252,0.006001725996916612,1.0,154,2,1.078,0.308,1.3860000000000001,False
2025-09-05,A,99479.75590000005,99366.24520000006,-0.0011410432099782097,649.2599,645.4504,645.4504,0.006415483453872841,1.0,153,2,1.071,0.306,1.377,False
2025-09-08,A,99366.24520000006,99366.24520000006,0.0,646.5624,647.036,647.036,0.006435936163992252,1.0,153,0,0.0,0.0,0.0,False
2025-09-09,A,99366.24520000006,99366.24520000006,0.0,647.2455,648.5319,648.5319,0.006454579845758285,1.0,153,0,0.0,0.0,0.0,False
2025-09-10,A,99366.24520000006,99366.24520000006,0.0,651.7546,650.4066,650.4066,0.00622326126651518,1.0,152,0,0.0,0.0,0.0,False
2025-09-11,A,99366.24520000006,99391.96050000007,0.000258793113780742,653.8023,655.8116,655.8116,0.006135908201851992,1.0,151,2,1.057,0.302,1.359,False
2025-09-12,A,99391.96050000007,99391.96050000007,0.0,655.8217,655.5923,655.5923,0.006155855585476079,1.0,151,0,0.0,0.0,0.0,False
2025-09-15,A,99391.96050000007,99391.96050000007,0.0,658.8932,659.0826,659.0826,0.004934356869791153,1.0,150,0,0.0,0.0,0.0,False
2025-09-16,A,99391.96050000007,99391.96050000007,0.0,658.3746,658.1751,658.1751,0.004745002782012588,1.0,150,0,0.0,0.0,0.0,False
2025-09-17,A,99391.96050000007,99389.10660000009,-2.871358996869855e-05,658.0904,657.3574,657.3574,0.004783624178241862,1.0,151,2,1.057,0.302,1.359,False
2025-09-18,A,99389.10660000009,99054.15660000009,-0.0033700876429851867,660.2594,660.4288,660.4288,0.004839494655868932,1.0,150,2,1.05,0.3,1.35,False
2025-09-19,A,99054.15660000009,99030.4656000001,-0.0002391721944153824,662.125,663.7,663.7,0.004887459608350371,1.0,149,2,1.043,0.298,1.341,False
2025-09-22,A,99030.4656000001,99309.24460000011,0.002815083200012891,663.43,666.84,666.84,0.004463430274592167,1.0,149,2,1.043,0.298,1.341,False
2025-09-23,A,99309.24460000011,99657.29620000011,0.003504725077729587,666.78,663.21,663.21,0.0035236018735625876,1.0,148,2,1.036,0.296,1.332,False
2025-09-24,A,99657.29620000011,99547.94620000011,-0.0010972603529254554,663.015,661.1,661.1,0.004121817720038883,1.0,150,2,1.05,0.3,1.35,False
2025-09-25,A,99547.94620000011,99547.94620000011,0.0,655.99,658.05,658.05,0.003976405023112942,1.0,151,0,0.0,0.0,0.0,False
2025-09-26,A,99547.94620000011,99547.94620000011,0.0,661.83,661.82,661.82,0.004145748117763746,1.0,150,0,0.0,0.0,0.0,False
2025-09-29,A,99547.94620000011,99547.94620000011,0.0,664.61,663.68,663.68,0.004299909930630382,1.0,149,0,0.0,0.0,0.0,False
2025-09-30,A,99547.94620000011,99662.84620000009,0.001154217684904646,663.065,666.18,666.18,0.0043081049281506745,1.0,150,2,1.05,0.3,1.35,False
2025-10-01,A,99662.84620000009,99729.19120000009,0.0006656944140133181,663.6824,668.45,668.45,0.004333660144877542,1.0,150,2,1.05,0.3,1.35,False
2025-10-02,A,99729.19120000009,99729.19120000009,0.0,669.3,669.22,669.22,0.0039405719215894145,1.0,149,0,0.0,0.0,0.0,False
2025-10-03,A,99729.19120000009,99300.13920000009,-0.004302170656729443,670.67,669.21,669.21,0.00391098577363816,1.0,148,2,1.036,0.296,1.332,False
2025-10-06,A,99300.13920000009,99266.24720000009,-0.00034130868569826056,669.95,671.61,671.61,0.003764661505747938,1.0,148,2,1.036,0.296,1.332,False
2025-10-07,A,99266.24720000009,99281.09420000011,0.00014956745539196348,672.095,669.12,669.12,0.003747488868580195,1.0,147,2,1.029,0.294,1.323,False
2025-10-08,A,99281.09420000011,99457.36220000012,0.001775443768225582,670.385,673.11,673.11,0.003936898162251974,1.0,148,2,1.036,0.296,1.332,False
2025-10-09,A,99457.36220000012,99248.83020000014,-0.002096697473040088,671.73,671.16,671.16,0.00403643547289534,1.0,148,2,1.036,0.296,1.332,False
2025-10-10,A,99248.83020000014,101556.14220000016,0.023247750077763696,673.17,653.02,653.02,0.004045190395101424,1.0,147,2,1.029,0.294,1.323,False
2025-10-13,A,101556.14220000016,101556.14220000016,0.0,662.88,663.04,663.04,0.008320579272984251,1.0,153,0,0.0,0.0,0.0,False
2025-10-14,A,101556.14220000016,101556.14220000016,0.0,656.8,662.23,662.23,0.009346946014603777,1.0,154,0,0.0,0.0,0.0,False
2025-10-15,A,101556.14220000016,101556.14220000016,0.0,668.4105,665.17,665.17,0.009309869073125523,1.0,151,0,0.0,0.0,0.0,False
2025-10-16,A,101556.14220000016,101732.61420000017,0.001737679240045198,666.665,660.64,660.64,0.009266913376127913,1.0,152,2,1.064,0.304,1.368,False
2025-10-17,A,101732.61420000017,102035.70720000016,0.002979310050994277,660.65,664.39,664.39,0.009360335287296555,1.0,153,2,1.071,0.306,1.377,False
2025-10-20,A,102035.70720000016,102186.33920000018,0.001476267515887919,668.76,671.3,671.3,0.009459374376814336,1.0,152,2,1.064,0.304,1.368,False
2025-10-21,A,102186.33920000018,102186.33920000018,0.0,670.58,671.29,671.29,0.009815628890476581,1.0,152,0,0.0,0.0,0.0,False
2025-10-22,A,102186.33920000018,102418.67120000019,0.0022736111482111188,671.215,667.8,667.8,0.009782681483954855,1.0,152,2,1.064,0.304,1.368,False
2025-10-23,A,102418.67120000019,102418.67120000019,0.0,670.1184,671.76,671.76,0.009889188140673,1.0,152,0,0.0,0.0,0.0,False
2025-10-24,A,102418.67120000019,102418.67120000019,0.0,677.47,677.25,677.25,0.010020162464605895,1.0,151,0,0.0,0.0,0.0,False
2025-10-27,A,102418.67120000019,102418.67120000019,0.0,683.145,685.24,685.24,0.010208409198394981,1.0,149,0,0.0,0.0,0.0,False
2025-10-28,A,102418.67120000019,102418.67120000019,0.0,685.73,687.06,687.06,0.010535572622803678,1.0,149,0,0.0,0.0,0.0,False
2025-10-29,A,102418.67120000019,102418.67120000019,0.0,689.64,687.39,687.39,0.010470811752871304,1.0,148,0,0.0,0.0,0.0,False
2025-10-30,A,102418.67120000019,102955.2202000002,0.005238781110060042,685.05,679.83,679.83,0.010399946001457022,1.0,149,2,1.043,0.298,1.341,False
2025-10-31,A,102955.2202000002,102955.2202000002,0.0,683.55,682.06,682.06,0.007451278804223478,1.0,150,0,0.0,0.0,0.0,False
2025-11-03,A,102955.2202000002,102511.35520000021,-0.004311243268070752,682.52,683.34,683.34,0.0065443182707295355,1.0,150,2,1.05,0.3,1.35,False
2025-11-04,A,102511.35520000021,102766.69620000022,0.0024908557642404627,678.8,675.24,675.24,0.00647750577606319,1.0,151,2,1.057,0.302,1.359,False
2025-11-05,A,102766.69620000022,102650.57720000022,-0.001129928316212725,677.17,677.58,677.58,0.007447485809972178,1.0,151,2,1.057,0.302,1.359,False
2025-11-06,A,102650.57720000022,102740.40920000021,0.0008751241585809311,674.05,670.31,670.31,0.007106520179924591,1.0,152,2,1.064,0.304,1.368,False
2025-11-07,A,102740.40920000021,101567.08320000023,-0.011420297126867873,666.345,670.97,670.97,0.007747805724679102,1.0,154,2,1.078,0.308,1.3860000000000001,False
2025-11-10,A,101567.08320000023,101667.80720000026,0.0009916992476950437,678.525,681.44,681.44,0.007228672868292627,1.0,149,2,1.043,0.298,1.341,False
2025-11-11,A,101667.80720000026,101124.85120000025,-0.0053404909081190555,680.645,683.0,683.0,0.008346826419926552,1.0,149,2,1.043,0.298,1.341,False
2025-11-12,A,101124.85120000025,101124.85120000025,0.0,683.61,683.38,683.38,0.008149391540076295,1.0,147,0,0.0,0.0,0.0,False
2025-11-13,A,101124.85120000025,101753.99920000024,0.0062214974117063004,678.72,672.04,672.04,0.008057814308636122,1.0,148,2,1.036,0.296,1.332,False
2025-11-14,A,101753.99920000024,101365.03120000023,-0.0038226310814131192,668.75,671.93,671.93,0.009076739175021286,1.0,152,2,1.064,0.304,1.368,False
2025-11-17,A,101365.03120000023,101898.13120000022,0.005259210140705628,672.82,665.67,665.67,0.00836374347355189,1.0,150,2,1.05,0.3,1.35,False
2025-11-18,A,101898.13120000022,101898.13120000022,0.0,658.56,660.08,660.08,0.008531103303899437,1.0,154,0,0.0,0.0,0.0,False
2025-11-19,A,101898.13120000022,101898.13120000022,0.0,665.85,662.63,662.63,0.008643935288180402,1.0,153,0,0.0,0.0,0.0,False
2025-11-20,A,101898.13120000022,102979.78120000025,0.010615013124009254,675.1099,652.53,652.53,0.008478169336839593,1.0,150,2,1.05,0.3,1.35,False
2025-11-21,A,102979.78120000025,102697.33820000023,-0.0027427034385659743,654.83,659.03,659.03,0.009051074315854448,1.0,157,2,1.099,0.314,1.413,False
2025-11-24,A,102697.33820000023,103203.38220000024,0.004927527907437224,664.22,668.73,668.73,0.009633443608021326,1.0,154,2,1.078,0.308,1.3860000000000001,False
2025-11-25,A,103203.38220000024,103462.25620000024,0.0025083867842463636,668.81,675.02,675.02,0.010255102181312372,1.0,154,2,1.078,0.308,1.3860000000000001,False
2025-11-26,A,103462.25620000024,103685.84820000023,0.0021610972755878866,677.18,679.68,679.68,0.010556629217447232,1.0,152,2,1.064,0.304,1.368,False
2025-11-28,A,103685.84820000023,103685.84820000023,0.0,681.265,683.39,683.39,0.010253667337795544,1.0,152,0,0.0,0.0,0.0,True
2025-12-01,A,103685.84820000023,103594.04020000022,-0.0008854438825914857,681.55,680.27,680.27,0.010321269032777861,1.0,152,2,1.064,0.304,1.368,False
