session_date,variant,equity_end,close,shares,entry_price,equity_start,daily_return,n_trades,commission,slippage,cost
2025-04-02,SPY_BH,100631.81629999999,561.2995,179,557.7698,100000.0,0.006318162999999988,0,0.0,0.0,0.0
2025-04-03,SPY_BH,95680.4436,533.6382,179,557.7698,100631.81629999999,-0.04920285533989699,0,0.0,0.0,0.0
2025-04-04,SPY_BH,90088.35829999999,502.3975,179,557.7698,95680.4436,-0.05844543659703527,0,0.0,0.0,0.0
2025-04-07,SPY_BH,89928.1712,501.5026,179,557.7698,90088.35829999999,-0.0017781109903963754,0,0.0,0.0,0.0
2025-04-08,SPY_BH,88522.1262,493.6476,179,557.7698,89928.1712,-0.015635200641109015,0,0.0,0.0,0.0
2025-04-09,SPY_BH,97801.95159999999,545.4902,179,557.7698,88522.1262,0.10483057511558047,0,0.0,0.0,0.0
2025-04-10,SPY_BH,93523.3325,521.5873,179,557.7698,97801.95159999999,-0.04374778856662387,0,0.0,0.0,0.0
2025-04-11,SPY_BH,95189.2318,530.894,179,557.7698,93523.3325,0.017812659744561588,0,0.0,0.0,0.0
2025-04-14,SPY_BH,96111.1534,536.0444,179,557.7698,95189.2318,0.009685145920045102,0,0.0,0.0,0.0
2025-04-15,SPY_BH,95842.4028,534.543,179,557.7698,96111.1534,-0.0027962477869920566,0,0.0,0.0,0.0
2025-04-16,SPY_BH,93715.5606,522.6612,179,557.7698,95842.4028,-0.02219103588667537,0,0.0,0.0,0.0
2025-04-17,SPY_BH,93849.04089999999,523.4069,179,557.7698,93715.5606,0.0014243130932090065,0,0.0,0.0,0.0
2025-04-21,SPY_BH,91618.9694,510.9484,179,557.7698,93849.04089999999,-0.023762325950418828,0,0.0,0.0,0.0
2025-04-22,SPY_BH,93998.5417,524.2421,179,557.7698,91618.9694,0.025972484907694326,0,0.0,0.0,0.0
2025-04-23,SPY_BH,95452.63029999999,532.3655,179,557.7698,93998.5417,0.015469267647159501,0,0.0,0.0,0.0
2025-04-24,SPY_BH,97458.4506,543.5712,179,557.7698,95452.63029999999,0.021013777134227363,0,0.0,0.0,0.0
2025-04-25,SPY_BH,98161.47309999999,547.4987,179,557.7698,97458.4506,0.007213561221955045,0,0.0,0.0,0.0
2025-04-28,SPY_BH,98198.8483,547.7075,179,557.7698,98161.47309999999,0.00038075223221167853,0,0.0,0.0,0.0
2025-04-29,SPY_BH,98816.4341,551.1577,179,557.7698,98198.8483,0.006289134859436052,0,0.0,0.0,0.0
2025-04-30,SPY_BH,98855.5814,551.3764,179,557.7698,98816.4341,0.0003961618364045627,0,0.0,0.0,0.0
2025-05-01,SPY_BH,99555.04179999999,555.284,179,557.7698,98855.5814,0.007075578233360025,0,0.0,0.0,0.0
2025-05-02,SPY_BH,101030.48509999999,563.5267,179,557.7698,99555.04179999999,0.014820377484890068,0,0.0,0.0,0.0
2025-05-05,SPY_BH,100452.0645,560.2953,179,557.7698,101030.48509999999,-0.005725208578652996,0,0.0,0.0,0.0
2025-05-06,SPY_BH,99613.77170000001,555.6121,179,557.7698,100452.0645,-0.008345202302935006,0,0.0,0.0,0.0
2025-05-07,SPY_BH,100032.0231,557.9487,179,557.7698,99613.77170000001,0.00419873068615062,0,0.0,0.0,0.0
2025-05-08,SPY_BH,100727.9214,561.8364,179,557.7698,100032.0231,0.006956755231315448,0,0.0,0.0,0.0
2025-05-09,SPY_BH,100599.7753,561.1205,179,557.7698,100727.9214,-0.001272200381174704,0,0.0,0.0,0.0
2025-05-12,SPY_BH,103919.07969999999,579.6641,179,557.7698,100599.7753,0.03299514725655639,0,0.0,0.0,0.0
2025-05-13,SPY_BH,104604.30960000001,583.4922,179,557.7698,103919.07969999999,0.0065938796030351465,0,0.0,0.0,0.0
2025-05-14,SPY_BH,104737.78989999999,584.2379,179,557.7698,104604.30960000001,0.0012760497202304322,0,0.0,0.0,0.0
2025-05-15,SPY_BH,105248.5843,587.0915,179,557.7698,104737.78989999999,0.004876887324887225,0,0.0,0.0,0.0
2025-05-16,SPY_BH,105914.2316,590.8102,179,557.7698,105248.5843,0.006324524975106938,0,0.0,0.0,0.0
2025-05-19,SPY_BH,106029.9193,591.4565,179,557.7698,105914.2316,0.0010922771968635558,0,0.0,0.0,0.0
2025-05-20,SPY_BH,105673.95989999999,589.4679,179,557.7698,106029.9193,-0.0033571599634331095,0,0.0,0.0,0.0
2025-05-21,SPY_BH,103895.95289999999,579.5349,179,557.7698,105673.95989999999,-0.01682540336032201,0,0.0,0.0,0.0
2025-05-22,SPY_BH,103936.8723,579.7635,179,557.7698,103895.95289999999,0.0003938497973967614,0,0.0,0.0,0.0
2025-05-23,SPY_BH,103228.53349999999,575.8063,179,557.7698,103936.8723,-0.006815086737991138,0,0.0,0.0,0.0
2025-05-27,SPY_BH,105371.3962,587.7776,179,557.7698,103228.53349999999,0.020758434004102266,0,0.0,0.0,0.0
2025-05-28,SPY_BH,104762.70670000001,584.3771,179,557.7698,105371.3962,-0.005776610370092028,0,0.0,0.0,0.0
2025-05-29,SPY_BH,105175.606,586.6838,179,557.7698,104762.70670000001,0.003941281330028801,0,0.0,0.0,0.0
2025-05-30,SPY_BH,105058.1462,586.0276,179,557.7698,105175.606,-0.0011167969880772066,0,0.0,0.0,0.0
2025-06-02,SPY_BH,105649.0431,589.3287,179,557.7698,105058.1462,0.0056244748396292454,0,0.0,0.0,0.0
2025-06-03,SPY_BH,106250.6084,592.6894,179,557.7698,105649.0431,0.005693996673785229,0,0.0,0.0,0.0
2025-06-04,SPY_BH,106222.1295,592.5303,179,557.7698,106250.6084,-0.0002680351710814266,0,0.0,0.0,0.0
2025-06-05,SPY_BH,105709.54509999999,589.6667,179,557.7698,106222.1295,-0.0048255895679441,0,0.0,0.0,0.0
2025-06-06,SPY_BH,106793.4438,595.722,179,557.7698,105709.54509999999,0.010253555617656396,0,0.0,0.0,0.0
2025-06-09,SPY_BH,106889.54890000001,596.2589,179,557.7698,106793.4438,0.0008999157305948913,0,0.0,0.0,0.0
2025-06-10,SPY_BH,107494.67629999999,599.6395,179,557.7698,106889.54890000001,0.005661240095288456,0,0.0,0.0,0.0
2025-06-11,SPY_BH,107188.5505,597.9293,179,557.7698,107494.67629999999,-0.002847822892602103,0,0.0,0.0,0.0
2025-06-12,SPY_BH,107613.9261,600.3057,179,557.7698,107188.5505,0.003968479823784898,0,0.0,0.0,0.0
2025-06-13,SPY_BH,106412.5676,593.5942,179,557.7698,107613.9261,-0.011163596976135226,0,0.0,0.0,0.0
2025-06-16,SPY_BH,107423.488,599.2418,179,557.7698,106412.5676,0.009500009470685855,0,0.0,0.0,0.0
2025-06-17,SPY_BH,106506.90060000001,594.1212,179,557.7698,107423.488,-0.008532467312921233,0,0.0,0.0,0.0
2025-06-18,SPY_BH,106490.8801,594.0317,179,557.7698,106506.90060000001,-0.0001504174838415917,0,0.0,0.0,0.0
2025-06-20,SPY_BH,106241.193,592.6368,179,557.7698,106490.8801,-0.0023446805939205673,0,0.0,0.0,0.0
2025-06-23,SPY_BH,107289.0232,598.4906,179,557.7698,106241.193,0.009862748811565014,0,0.0,0.0,0.0
2025-06-24,SPY_BH,108472.49960000001,605.1022,179,557.7698,107289.0232,0.011030731427145835,0,0.0,0.0,0.0
2025-06-25,SPY_BH,108533.19849999998,605.4413,179,557.7698,108472.49960000001,0.0005595786971241967,0,0.0,0.0,0.0
2025-06-26,SPY_BH,109381.10359999999,610.1782,179,557.7698,108533.19849999998,0.007812403133037771,0,0.0,0.0,0.0
2025-06-27,SPY_BH,109923.76,613.2098,179,557.7698,109381.10359999999,0.004961153088969272,0,0.0,0.0,0.0
2025-06-30,SPY_BH,110448.5701,616.1417,179,557.7698,109923.76,0.004774309939907573,0,0.0,0.0,0.0
2025-07-01,SPY_BH,110412.85959999998,615.9422,179,557.7698,110448.5701,-0.0003233224293233139,0,0.0,0.0,0.0
2025-07-02,SPY_BH,110912.6634,618.7344,179,557.7698,110412.85959999998,0.004526681056995496,0,0.0,0.0,0.0
2025-07-03,SPY_BH,111785.57479999999,623.611,179,557.7698,110912.6634,0.00787025911416328,0,0.0,0.0,0.0
2025-07-07,SPY_BH,110953.726,618.9638,179,557.7698,111785.57479999999,-0.007441468199168688,0,0.0,0.0,0.0
2025-07-08,SPY_BH,110893.045,618.6248,179,557.7698,110953.726,-0.0005469036704544017,0,0.0,0.0,0.0
2025-07-09,SPY_BH,111557.0813,622.3345,179,557.7698,110893.045,0.005988078873657043,0,0.0,0.0,0.0
2025-07-10,SPY_BH,111871.2442,624.0896,179,557.7698,111557.0813,0.002816162778184861,0,0.0,0.0,0.0
2025-07-11,SPY_BH,111478.5361,621.8957,179,557.7698,111871.2442,-0.003510357847615664,0,0.0,0.0,0.0
2025-07-14,SPY_BH,111690.95539999999,623.0824,179,557.7698,111478.5361,0.0019054726356422247,0,0.0,0.0,0.0
2025-07-15,SPY_BH,111214.34999999999,620.4198,179,557.7698,111690.95539999999,-0.004267179900942941,0,0.0,0.0,0.0
2025-07-16,SPY_BH,111585.6318,622.494,179,557.7698,111214.34999999999,0.0033384342937761158,0,0.0,0.0,0.0
2025-07-17,SPY_BH,112267.53229999999,626.3035,179,557.7698,111585.6318,0.006111006309684974,0,0.0,0.0,0.0
2025-07-18,SPY_BH,112185.4071,625.8447,179,557.7698,112267.53229999999,-0.0007315133620336978,0,0.0,0.0,0.0
2025-07-21,SPY_BH,112397.82639999999,627.0314,179,557.7698,112185.4071,0.0018934664096788012,0,0.0,0.0,0.0
2025-07-22,SPY_BH,112413.90060000001,627.1212,179,557.7698,112397.82639999999,0.00014301166236796448,0,0.0,0.0,0.0
2025-07-23,SPY_BH,113368.9014,632.4564,179,557.7698,112413.90060000001,0.008495397765781343,0,0.0,0.0,0.0
2025-07-24,SPY_BH,113406.38399999999,632.6658,179,557.7698,113368.9014,0.0003306250615213724,0,0.0,0.0,0.0
2025-07-25,SPY_BH,113884.7794,635.3384,179,557.7698,113406.38399999999,0.004218416839743444,0,0.0,0.0,0.0
2025-07-28,SPY_BH,113856.211,635.1788,179,557.7698,113884.7794,-0.00025085353943266053,0,0.0,0.0,0.0
2025-07-29,SPY_BH,113556.3323,633.5035,179,557.7698,113856.211,-0.0026338369893584845,0,0.0,0.0,0.0
2025-07-30,SPY_BH,113413.52609999999,632.7057,179,557.7698,113556.3323,-0.0012575802432817085,0,0.0,0.0,0.0
2025-07-31,SPY_BH,112988.6875,630.3323,179,557.7698,113413.52609999999,-0.0037459253283897986,0,0.0,0.0,0.0
2025-08-01,SPY_BH,111139.3669,620.0009,179,557.7698,112988.6875,-0.016367307567848433,0,0.0,0.0,0.0
2025-08-04,SPY_BH,112826.245,629.4248,179,557.7698,111139.3669,0.015178043091767845,0,0.0,0.0,0.0
2025-08-05,SPY_BH,112255.0202,626.2336,179,557.7698,112826.245,-0.0050628716749369085,0,0.0,0.0,0.0
2025-08-06,SPY_BH,113113.6295,631.0303,179,557.7698,112255.0202,0.007648738546127021,0,0.0,0.0,0.0
2025-08-07,SPY_BH,113019.02799999999,630.5018,179,557.7698,113113.6295,-0.0008363404164305477,0,0.0,0.0,0.0
2025-08-08,SPY_BH,113899.0636,635.4182,179,557.7698,113019.02799999999,0.007786614480528087,0,0.0,0.0,0.0
2025-08-11,SPY_BH,113674.1501,634.1617,179,557.7698,113899.0636,-0.001974673828661677,0,0.0,0.0,0.0
2025-08-12,SPY_BH,114882.63279999999,640.913,179,557.7698,113674.1501,0.010631112693051836,0,0.0,0.0,0.0
2025-08-13,SPY_BH,115275.3409,643.1069,179,557.7698,114882.63279999999,0.0034183417495634583,0,0.0,0.0,0.0
2025-08-14,SPY_BH,115286.04509999999,643.1667,179,557.7698,115275.3409,9.285767377842369e-05,0,0.0,0.0,0.0
2025-08-15,SPY_BH,115016.5069,641.6609,179,557.7698,115286.04509999999,-0.0023379950259044824,0,0.0,0.0,0.0
2025-08-18,SPY_BH,114991.51849999999,641.5213,179,557.7698,115016.5069,-0.0002172592497677872,0,0.0,0.0,0.0
2025-08-19,SPY_BH,114368.5448,638.041,179,557.7698,114991.51849999999,-0.005417562165682566,0,0.0,0.0,0.0
2025-08-20,SPY_BH,114065.0682,636.3456,179,557.7698,114368.5448,-0.0026534970828797633,0,0.0,0.0,0.0
2025-08-21,SPY_BH,113608.09909999999,633.7927,179,557.7698,114065.0682,-0.004006214235534045,0,0.0,0.0,0.0
2025-08-22,SPY_BH,115350.3061,643.5257,179,557.7698,113608.09909999999,0.01533523590132857,0,0.0,0.0,0.0
2025-08-25,SPY_BH,114843.34229999999,640.6935,179,557.7698,115350.3061,-0.004394993105267697,0,0.0,0.0,0.0
2025-08-26,SPY_BH,115323.5456,643.3762,179,557.7698,114843.34229999999,0.004181376912085977,0,0.0,0.0,0.0
2025-08-27,SPY_BH,115585.92379999999,644.842,179,557.7698,115323.5456,0.0022751485712211306,0,0.0,0.0,0.0
2025-08-28,SPY_BH,115994.70610000001,647.1257,179,557.7698,115585.92379999999,0.0035366097061035884,0,0.0,0.0,0.0
2025-08-29,SPY_BH,115303.8914,643.2664,179,557.7698,115994.70610000001,-0.005955570932732579,0,0.0,0.0,0.0
2025-09-02,SPY_BH,114450.6342,638.4996,179,557.7698,115303.8914,-0.0074000728825357465,0,0.0,0.0,0.0
2025-09-03,SPY_BH,115070.0637,641.9601,179,557.7698,114450.6342,0.005412198056653494,0,0.0,0.0,0.0
2025-09-04,SPY_BH,116030.4166,647.3252,179,557.7698,115070.0637,0.008345810101433093,0,0.0,0.0,0.0
2025-09-05,SPY_BH,115694.82739999998,645.4504,179,557.7698,116030.4166,-0.0028922519614569264,0,0.0,0.0,0.0
2025-09-08,SPY_BH,115978.64979999998,647.036,179,557.7698,115694.82739999998,0.002453198698492587,0,0.0,0.0,0.0
2025-09-09,SPY_BH,116246.41589999999,648.5319,179,557.7698,115978.64979999998,0.0023087533822971906,0,0.0,0.0,0.0
2025-09-10,SPY_BH,116581.9872,650.4066,179,557.7698,116246.41589999999,0.002886723839199412,0,0.0,0.0,0.0
2025-09-11,SPY_BH,117549.4822,655.8116,179,557.7698,116581.9872,0.00829883778134799,0,0.0,0.0,0.0
2025-09-12,SPY_BH,117510.2275,655.5923,179,557.7698,117549.4822,-0.00033394192186420035,0,0.0,0.0,0.0
2025-09-15,SPY_BH,118134.99119999999,659.0826,179,557.7698,117510.2275,0.005316675095365708,0,0.0,0.0,0.0
2025-09-16,SPY_BH,117972.5487,658.1751,179,557.7698,118134.99119999999,-0.0013750582985609938,0,0.0,0.0,0.0
2025-09-17,SPY_BH,117826.1804,657.3574,179,557.7698,117972.5487,-0.0012406979556931486,0,0.0,0.0,0.0
2025-09-18,SPY_BH,118375.961,660.4288,179,557.7698,117826.1804,0.004666030912090946,0,0.0,0.0,0.0
2025-09-19,SPY_BH,118961.5058,663.7,179,557.7698,118375.961,0.0049464840247421815,0,0.0,0.0,0.0
2025-09-22,SPY_BH,119523.5658,666.84,179,557.7698,118961.5058,0.004724721633441176,0,0.0,0.0,0.0
2025-09-23,SPY_BH,118873.7958,663.21,179,557.7698,119523.5658,-0.005436333794519244,0,0.0,0.0,0.0
2025-09-24,SPY_BH,118496.1058,661.1,179,557.7698,118873.7958,-0.003177235129560807,0,0.0,0.0,0.0
2025-09-25,SPY_BH,117950.1558,658.05,179,557.7698,118496.1058,-0.004607324403735902,0,0.0,0.0,0.0
2025-09-26,SPY_BH,118624.98580000001,661.82,179,557.7698,117950.1558,0.005721315037042318,0,0.0,0.0,0.0
2025-09-29,SPY_BH,118957.92579999998,663.68,179,557.7698,118624.98580000001,0.002806659977699022,0,0.0,0.0,0.0
2025-09-30,SPY_BH,119405.42579999998,666.18,179,557.7698,118957.92579999998,0.003761834253502183,0,0.0,0.0,0.0
2025-10-01,SPY_BH,119811.7558,668.45,179,557.7698,119405.42579999998,0.0034029441901626267,0,0.0,0.0,0.0
2025-10-02,SPY_BH,119949.5858,669.22,179,557.7698,119811.7558,0.0011503879488259372,0,0.0,0.0,0.0
2025-10-03,SPY_BH,119947.7958,669.21,179,557.7698,119949.5858,-1.4922936065642212e-05,0,0.0,0.0,0.0
2025-10-06,SPY_BH,120377.3958,671.61,179,557.7698,119947.7958,0.003581558103129323,0,0.0,0.0,0.0
2025-10-07,SPY_BH,119931.68579999999,669.12,179,557.7698,120377.3958,-0.0037026054354966087,0,0.0,0.0,0.0
2025-10-08,SPY_BH,120645.8958,673.11,179,557.7698,119931.68579999999,0.00595514017197285,0,0.0,0.0,0.0
2025-10-09,SPY_BH,120296.8458,671.16,179,557.7698,120645.8958,-0.0028931775729746922,0,0.0,0.0,0.0
2025-10-10,SPY_BH,117049.7858,653.02,179,557.7698,120296.8458,-0.02699206266304277,0,0.0,0.0,0.0
2025-10-13,SPY_BH,118843.36579999999,663.04,179,557.7698,117049.7858,0.015323223257021956,0,0.0,0.0,0.0
2025-10-14,SPY_BH,118698.3758,662.23,179,557.7698,118843.36579999999,-0.001220009203071526,0,0.0,0.0,0.0
2025-10-15,SPY_BH,119224.63579999999,665.17,179,557.7698,118698.3758,0.0044335905731913705,0,0.0,0.0,0.0
2025-10-16,SPY_BH,118413.7658,660.64,179,557.7698,119224.63579999999,-0.006801195026170936,0,0.0,0.0,0.0
2025-10-17,SPY_BH,119085.0158,664.39,179,557.7698,118413.7658,0.005668682145737458,0,0.0,0.0,0.0
2025-10-20,SPY_BH,120321.9058,671.3,179,557.7698,119085.0158,0.010386613224935948,0,0.0,0.0,0.0
2025-10-21,SPY_BH,120320.11579999999,671.29,179,557.7698,120321.9058,-1.4876759041548837e-05,0,0.0,0.0,0.0
2025-10-22,SPY_BH,119695.4058,667.8,179,557.7698,120320.11579999999,-0.005192066146598506,0,0.0,0.0,0.0
2025-10-23,SPY_BH,120404.24579999999,671.76,179,557.7698,119695.4058,0.005922031804498795,0,0.0,0.0,0.0
2025-10-24,SPY_BH,121386.9558,677.25,179,557.7698,120404.24579999999,0.008161755372251278,0,0.0,0.0,0.0
2025-10-27,SPY_BH,122817.1658,685.24,179,557.7698,121386.9558,0.011782237972558285,0,0.0,0.0,0.0
2025-10-28,SPY_BH,123142.94579999999,687.06,179,557.7698,122817.1658,0.0026525608035157244,0,0.0,0.0,0.0
2025-10-29,SPY_BH,123202.0158,687.39,179,557.7698,123142.94579999999,0.00047968642959017593,0,0.0,0.0,0.0
2025-10-30,SPY_BH,121848.7758,679.83,179,557.7698,123202.0158,-0.010983911190193263,0,0.0,0.0,0.0
2025-10-31,SPY_BH,122247.94579999999,682.06,179,557.7698,121848.7758,0.0032759459205005115,0,0.0,0.0,0.0
2025-11-03,SPY_BH,122477.0658,683.34,179,557.7698,122247.94579999999,0.001874223722129864,0,0.0,0.0,0.0
2025-11-04,SPY_BH,121027.1658,675.24,179,557.7698,122477.0658,-0.011838134678761936,0,0.0,0.0,0.0
2025-11-05,SPY_BH,121446.0258,677.58,179,557.7698,121027.1658,0.003460875888741999,0,0.0,0.0,0.0
2025-11-06,SPY_BH,120144.69579999999,670.31,179,557.7698,121446.0258,-0.010715295057436292,0,0.0,0.0,0.0
2025-11-07,SPY_BH,120262.8358,670.97,179,557.7698,120144.69579999999,0.000983314321230333,0,0.0,0.0,0.0
2025-11-10,SPY_BH,122136.9658,681.44,179,557.7698,120262.8358,0.015583617229155688,0,0.0,0.0,0.0
2025-11-11,SPY_BH,122416.2058,683.0,179,557.7698,122136.9658,0.0022862857135099723,0,0.0,0.0,0.0
2025-11-12,SPY_BH,122484.2258,683.38,179,557.7698,122416.2058,0.0005556453866175648,0,0.0,0.0,0.0
2025-11-13,SPY_BH,120454.36579999999,672.04,179,557.7698,122484.2258,-0.016572419727863608,0,0.0,0.0,0.0
2025-11-14,SPY_BH,120434.67579999998,671.93,179,557.7698,120454.36579999999,-0.00016346439474590468,0,0.0,0.0,0.0
2025-11-17,SPY_BH,119314.13579999999,665.67,179,557.7698,120434.67579999998,-0.009304130995136495,0,0.0,0.0,0.0
2025-11-18,SPY_BH,118313.5258,660.08,179,557.7698,119314.13579999999,-0.008386349138690963,0,0.0,0.0,0.0
2025-11-19,SPY_BH,118769.9758,662.63,179,557.7698,118313.5258,0.0038579697199758733,0,0.0,0.0,0.0
2025-11-20,SPY_BH,116962.07579999999,652.53,179,557.7698,118769.9758,-0.015221860472922732,0,0.0,0.0,0.0
2025-11-21,SPY_BH,118125.57579999999,659.03,179,557.7698,116962.07579999999,0.00994766886652676,0,0.0,0.0,0.0
2025-11-24,SPY_BH,119861.8758,668.73,179,557.7698,118125.57579999999,0.01469876432974826,0,0.0,0.0,0.0
2025-11-25,SPY_BH,120987.7858,675.02,179,557.7698,119861.8758,0.009393395460276954,0,0.0,0.0,0.0
2025-11-26,SPY_BH,121821.92579999998,679.68,179,557.7698,120987.7858,0.006894414956720274,0,0.0,0.0,0.0
2025-11-28,SPY_BH,122486.0158,683.39,179,557.7698,121821.92579999998,0.005451317532857658,0,0.0,0.0,0.0
2025-12-01,SPY_BH,121927.5358,680.27,179,557.7698,122486.0158,-0.004559540910465287,0,0.0,0.0,0.0
